,Date,Open,High,Low,Close,Adj Close,Volume,gainORloss
0,2017-05-10,177.919998,180.28999299999998,177.509995,180.130005,174.199982,1233100,0.0
1,2017-05-11,180.100006,183.369995,178.869995,182.720001,176.704727,1782200,-1.4174671551145541
2,2017-05-12,181.270004,183.78999299999998,180.720001,181.440002,175.466858,1000500,0.7054668132113467
3,2017-05-15,180.720001,182.78999299999998,179.600006,182.300003,176.298569,1363100,-0.47175040364646137
4,2017-05-16,182.179993,182.559998,179.570007,180.809998,174.85762,1321300,0.8240722396335607
5,2017-05-17,180.809998,180.809998,176.020004,176.119995,170.32200600000002,1938500,2.662958853706542
6,2017-05-18,176.100006,178.5,175.169998,176.690002,170.87326000000002,1353800,-0.32260286012108597
7,2017-05-19,177.0,178.03999299999998,175.869995,176.41000400000001,170.602448,1899400,0.15872002361043977
8,2017-05-22,176.899994,177.03999299999998,174.96000700000002,176.5,170.689499,1660900,-0.050989235127470306
9,2017-05-23,176.490005,177.899994,175.66000400000001,177.71000700000002,171.85966499999998,1709800,-0.6808884994304336
10,2017-05-24,178.229996,181.229996,177.21000700000002,180.080002,174.151627,1426800,-1.3160789502878774
11,2017-05-25,180.300003,182.520004,180.149994,181.5,175.524857,1426400,-0.782368044077131
12,2017-05-26,181.929993,183.130005,180.600006,183.080002,177.052872,897500,-0.8630117886933426
13,2017-05-30,181.699997,185.0,180.850006,183.320007,177.284973,1513100,-0.13092133473461873
14,2017-05-31,183.820007,184.08999599999999,181.25,182.350006,176.346924,1807600,0.5319445945068937
15,2017-06-01,182.78999299999998,188.0,182.690002,187.690002,181.511093,1930800,-2.8451147866682773
16,2017-06-02,187.130005,188.279999,185.860001,187.580002,181.40473899999998,1229800,0.05864164560568947
17,2017-06-05,187.350006,187.880005,186.009995,186.690002,180.544037,928600,0.4767261184131407
18,2017-06-06,186.490005,189.179993,186.059998,187.649994,181.472427,1303300,-0.5115864805196849
19,2017-06-07,187.25,189.300003,186.570007,188.330002,182.763123,1578700,-0.361072581521034
20,2017-06-08,188.330002,189.0,186.630005,187.58999599999999,182.044983,1613100,0.3944805244305365
21,2017-06-09,188.369995,188.690002,186.220001,186.919998,181.39480600000002,1880500,0.35844104813225636
22,2017-06-12,187.220001,187.309998,183.100006,186.740005,181.220139,1804300,0.09638695254399082
23,2017-06-13,186.729996,187.669998,185.41000400000001,187.16000400000001,181.627731,1107900,-0.22440638545830463
24,2017-06-14,187.509995,189.080002,187.16000400000001,188.770004,183.190125,777000,-0.8528897419528503
25,2017-06-15,187.279999,189.389999,187.110001,188.75,183.170715,791700,0.010598145695364308
26,2017-06-16,189.360001,190.259995,188.470001,189.96000700000002,184.34493999999998,1864300,-0.6369798670306527
27,2017-06-19,190.330002,192.850006,189.949997,192.740005,187.042786,1992500,-1.44235650507531
28,2017-06-20,192.25,193.130005,191.169998,192.0,186.324615,1806900,0.3854192708333315
29,2017-06-21,192.330002,193.669998,190.96000700000002,192.070007,186.39257800000001,2080000,-0.03644868925318669
30,2017-06-22,192.130005,194.940002,192.130005,193.360001,187.644409,2159400,-0.6671462522385936
31,2017-06-23,194.03999299999998,194.03999299999998,189.91000400000001,190.169998,184.548721,3143700,1.6774480904185627
32,2017-06-26,190.199997,190.809998,186.78999299999998,188.149994,182.588409,2230800,1.0736136404022423
33,2017-06-27,188.71000700000002,189.399994,186.639999,187.41000400000001,181.870316,1417900,0.39485085331942976
34,2017-06-28,188.58999599999999,189.08999599999999,187.399994,187.919998,182.36525,1712300,-0.271388891777222
35,2017-06-29,188.860001,188.979996,186.490005,187.169998,181.63738999999998,1306000,0.4007052455062804
36,2017-06-30,187.490005,188.850006,187.0,188.130005,182.569031,2034200,-0.510289148187722
37,2017-07-03,189.21000700000002,191.179993,188.350006,189.600006,183.995575,815300,-0.7753169585870141
38,2017-07-05,189.490005,191.919998,189.190002,191.25,185.596817,1397600,-0.8627419607843098
39,2017-07-06,191.0,191.03999299999998,189.199997,190.279999,184.655518,1111200,0.509775596540757
40,2017-07-07,191.0,192.240005,190.009995,191.610001,185.946167,780700,-0.6941193012153929
41,2017-07-10,190.949997,192.679993,190.550003,192.119995,186.441101,1006600,-0.2654559719304478
42,2017-07-11,191.479996,192.66000400000001,190.740005,192.100006,186.421661,1206200,0.010405517634383186
43,2017-07-12,192.429993,194.380005,191.630005,193.53999299999998,187.819107,1283900,-0.7440255513494691
44,2017-07-13,193.380005,193.889999,191.139999,192.550003,186.85836799999998,1244800,0.5141469668011261
45,2017-07-14,192.479996,193.149994,191.529999,192.559998,186.868088,1124500,-0.005190589999904097
46,2017-07-17,192.669998,192.759995,191.600006,192.08999599999999,186.41194199999998,942100,0.24467802060864338
47,2017-07-18,192.669998,193.25,188.009995,189.449997,183.850006,1841700,1.3935070159964102
48,2017-07-19,189.809998,191.199997,189.520004,190.28999299999998,184.665192,1042800,-0.4414294134741942
49,2017-07-20,190.179993,191.389999,189.729996,190.690002,185.053345,1250700,-0.2097692568066633
50,2017-07-21,190.100006,191.149994,189.990005,190.649994,185.014542,1227900,0.02098505180126062
51,2017-07-24,190.970001,191.600006,189.800003,191.0,185.35420200000002,1139400,-0.18324921465968982
52,2017-07-25,192.0,192.800003,190.28999299999998,190.580002,184.946609,1712400,0.22037884121755466
53,2017-07-26,181.190002,187.610001,179.559998,184.990005,179.521835,2605100,3.021783257965754
54,2017-07-27,184.529999,184.940002,182.03999299999998,183.520004,178.095322,1824000,0.8010031429598249
55,2017-07-28,183.669998,188.33999599999999,182.330002,187.78999299999998,182.239105,1301100,-2.2738107243020034
56,2017-07-31,187.820007,188.199997,186.130005,186.21000700000002,180.70578,1361000,0.8484968264890095
57,2017-08-01,187.0,188.169998,186.259995,186.669998,181.152191,1226900,-0.24641935229461664
58,2017-08-02,186.490005,189.889999,186.020004,188.949997,183.364777,1260500,-1.206667920719789
59,2017-08-03,189.279999,191.830002,188.96000700000002,191.440002,185.78118899999998,1155300,-1.3006712149950754
60,2017-08-04,192.5,192.5,189.860001,190.479996,184.849533,966800,0.5039930807222365
61,2017-08-07,190.330002,191.53999299999998,189.259995,190.610001,184.97573899999998,811300,-0.06820471083257129
62,2017-08-08,190.490005,193.360001,189.520004,191.979996,186.305222,1226500,-0.713613412097367
63,2017-08-09,191.940002,193.16000400000001,191.070007,192.850006,187.149536,827800,-0.4511329908903439
64,2017-08-10,191.949997,193.080002,189.529999,189.720001,184.112,1224400,1.6498023315949757
65,2017-08-11,190.5,190.75,188.919998,189.429993,183.83059699999998,1212400,0.1530950803550947
66,2017-08-14,190.220001,192.220001,190.220001,191.309998,185.655014,939700,-0.9827008622936744
67,2017-08-15,192.0,193.479996,191.350006,192.990005,187.28537,864500,-0.8705150300400215
68,2017-08-16,193.699997,194.580002,193.050003,193.350006,187.63472,841600,-0.18619135703570194
69,2017-08-17,193.270004,193.949997,191.580002,191.96000700000002,186.285843,822200,0.7241086420672973
70,2017-08-18,192.449997,192.449997,190.699997,191.020004,185.373611,1061200,0.49209662879078286
71,2017-08-21,191.300003,193.149994,191.080002,192.970001,187.265945,1261700,-1.0105182100299601
72,2017-08-22,192.970001,196.479996,192.070007,194.949997,189.18743899999998,1548500,-1.0156430010101514
73,2017-08-23,194.240005,195.309998,193.690002,195.229996,189.45916699999998,1114100,-0.14342007157547842
74,2017-08-24,195.220001,195.770004,192.240005,192.899994,187.19801299999997,1186200,1.2078808048070793
75,2017-08-25,193.58999599999999,194.550003,192.58999599999999,192.679993,186.984543,1421000,0.11417947269698953
76,2017-08-28,193.03999299999998,194.550003,192.699997,193.479996,187.76091,1576700,-0.4134809884945438
77,2017-08-29,192.78999299999998,194.779999,192.770004,193.830002,188.10054,1116700,-0.1805736967386543
78,2017-08-30,193.520004,193.860001,191.479996,191.5,185.839417,1892400,1.216711227154051
79,2017-08-31,192.71000700000002,196.320007,192.41000400000001,196.03999299999998,190.24520900000002,2437000,-2.3158504193580445
80,2017-09-01,196.03999299999998,197.570007,195.649994,197.429993,191.594131,916400,-0.7040470289638388
81,2017-09-05,196.419998,198.979996,195.66000400000001,197.179993,191.351517,1469400,0.12678771116499635
82,2017-09-06,197.600006,198.130005,192.509995,193.649994,187.925858,1825500,1.822875863347563
83,2017-09-07,192.949997,193.940002,191.880005,192.639999,187.623947,1160900,0.524291427140219
84,2017-09-08,192.71000700000002,195.009995,192.33999599999999,193.850006,188.80242900000002,1254200,-0.6241975561249241
85,2017-09-11,195.149994,196.139999,193.889999,195.949997,190.847733,1375400,-1.0716973881862262
86,2017-09-12,195.889999,195.889999,188.0,189.240005,184.312485,2707900,3.5457576742296113
87,2017-09-13,189.41000400000001,191.990005,188.770004,189.720001,184.779953,1340200,-0.2530023178736963
88,2017-09-14,189.580002,190.0,186.58999599999999,186.75,181.887283,1988600,1.5903619812583647
89,2017-09-15,186.300003,187.889999,184.679993,186.58999599999999,181.73146100000002,2608700,0.08575164983658337
90,2017-09-18,187.179993,187.520004,184.979996,185.0,180.18284599999998,1868000,0.8594572972972894
91,2017-09-19,186.5,186.5,180.929993,181.440002,176.715561,3737800,1.9620800048271645
92,2017-09-20,181.389999,183.529999,179.399994,183.490005,178.712189,3070500,-1.117228701367142
93,2017-09-21,183.110001,184.440002,182.149994,183.5,178.721924,1637100,-0.0054468664850155476
94,2017-09-22,183.5,185.779999,180.71000700000002,182.860001,178.098572,2244300,0.3499939825549869
95,2017-09-25,183.009995,185.41000400000001,181.139999,181.5,176.774002,2044900,0.7493118457300336
96,2017-09-26,182.25,184.970001,182.08999599999999,184.279999,179.48161299999998,1819600,-1.508573374802332
97,2017-09-27,184.779999,186.869995,183.490005,186.449997,181.595123,1608400,-1.1638498444169953
98,2017-09-28,185.949997,190.139999,185.529999,189.779999,184.838394,2457300,-1.754664357438429
99,2017-09-29,189.389999,189.940002,187.809998,189.880005,184.935806,1259300,-0.052667999455765536
100,2017-10-02,191.21000700000002,191.779999,190.0,191.110001,186.133759,1520000,-0.643606296668901
101,2017-10-03,191.190002,193.380005,190.850006,193.229996,188.198578,1030600,-1.0971355606714335
102,2017-10-04,193.5,194.869995,193.229996,193.419998,188.383621,973400,-0.09823286214695995
103,2017-10-05,193.41000400000001,194.050003,191.770004,192.919998,187.896652,1187800,0.2591747901635371
104,2017-10-06,193.070007,194.139999,192.669998,193.220001,188.188843,848000,-0.15526498211745884
105,2017-10-09,192.820007,193.490005,189.929993,190.740005,185.77340700000002,1367400,1.300197092896165
106,2017-10-10,190.33999599999999,190.690002,187.360001,188.639999,183.728058,1128100,1.1132347387258033
107,2017-10-11,188.779999,190.33999599999999,187.550003,189.889999,184.945541,1058800,-0.6582758473762486
108,2017-10-12,190.570007,190.850006,188.58999599999999,189.740005,184.799454,1646300,0.07905238539442033
109,2017-10-13,185.5,187.0,182.309998,183.830002,179.04332,3280000,3.2149284315407827
110,2017-10-16,183.330002,185.369995,182.71000700000002,183.759995,178.975143,1366100,0.038096975350921145
111,2017-10-17,184.16000400000001,189.550003,183.690002,187.259995,182.384018,2025700,-1.869059112171823
112,2017-10-18,190.380005,199.229996,190.009995,191.78999299999998,186.796066,3293400,-2.361957435391313
113,2017-10-19,191.270004,193.320007,187.75,193.199997,188.16935700000002,2270500,-0.7298157463221984
114,2017-10-20,193.770004,196.949997,193.690002,194.690002,189.620575,1234500,-0.7653217857586732
115,2017-10-23,194.550003,197.490005,193.330002,195.639999,190.545807,1028100,-0.48558423883451163
116,2017-10-24,195.809998,196.529999,194.020004,195.25,190.16597,1963800,0.19974340588987904
117,2017-10-25,200.0,209.74000499999997,199.75,205.71000700000002,200.353622,3741200,-5.084831385961704
118,2017-10-26,206.0,209.91000400000001,205.240005,206.91000400000001,201.522369,2114500,-0.5799608413327352
119,2017-10-27,207.0,212.0,205.940002,211.33999599999999,205.837006,2219500,-2.0961446407900803
120,2017-10-30,211.0,212.07000699999998,208.639999,209.46000700000002,204.005997,1442900,0.8975407892543259
121,2017-10-31,209.66000400000001,210.0,206.979996,209.21000700000002,203.762451,1266400,0.11949715196940841
122,2017-11-01,210.02999900000003,210.979996,208.669998,209.529999,204.074127,1857800,-0.15271894312374093
123,2017-11-02,210.19999700000002,211.36000099999998,208.399994,210.58999599999999,205.10652199999998,1087500,-0.5033463223010752
124,2017-11-03,210.66000400000001,213.44999700000002,209.25,211.80000299999998,206.285034,1177200,-0.571296970189368
125,2017-11-06,213.600006,220.0,213.169998,216.30000299999998,210.667862,2516100,-2.0804437991616673
126,2017-11-07,217.419998,220.75,214.479996,217.47000099999997,211.807404,1681900,-0.5380043199613507
127,2017-11-08,216.309998,218.88000499999998,215.169998,216.86999500000002,211.22302200000001,1149300,0.27666621193953117
128,2017-11-09,215.75,217.11000099999998,213.289993,215.979996,210.35618599999998,919700,0.41207473677331546
129,2017-11-10,216.13000499999998,218.979996,214.94999700000002,218.270004,212.586594,1835400,-1.0491629440754489
130,2017-11-13,217.17999300000002,219.809998,216.789993,218.460007,212.771637,2433000,-0.086973813930158
131,2017-11-14,218.0,219.49000499999997,215.940002,218.44999700000002,212.761887,1316100,0.004582284338491273
132,2017-11-15,217.559998,219.13999900000002,216.919998,218.19999700000002,212.518402,1190700,0.11457378709313179
133,2017-11-16,217.710007,222.210007,217.710007,220.88999900000002,215.13838199999998,1459600,-1.217801626229349
134,2017-11-17,220.57000699999998,222.24000499999997,220.149994,220.830002,215.07992599999997,1203500,0.02716886268017597
135,2017-11-20,221.0,221.63000499999998,218.00999500000003,219.5,213.78453100000002,1304100,0.6059234624145821
136,2017-11-21,220.88000499999998,221.649994,219.289993,220.020004,214.291016,1559500,-0.23634396443334313
137,2017-11-22,219.86000099999998,221.02999900000003,219.27999900000003,220.419998,214.680573,1215700,-0.18146901534768747
138,2017-11-24,220.669998,221.47000099999997,219.850006,220.38999900000002,214.651367,443200,0.013611779180585794
139,2017-11-27,220.809998,221.22000099999997,219.38999900000002,220.02999900000003,214.300751,2132500,0.16361405337277904
140,2017-11-28,220.770004,222.580002,219.24000499999997,222.27999900000003,216.492157,1712000,-1.0122368229810905
141,2017-11-29,222.770004,230.460007,222.669998,227.309998,221.39119,2198500,-2.2128366742583734
142,2017-11-30,227.42999300000002,236.039993,226.729996,234.960007,228.84199500000003,4622400,-3.2558770735821363
143,2017-12-01,235.5,236.38999900000002,227.08999599999999,232.33999599999999,226.29023700000002,2742200,1.1276624968178124
144,2017-12-04,233.61000099999998,233.61000099999998,224.809998,224.94999700000002,219.754715,1856600,3.2851740824873
145,2017-12-05,224.94999700000002,225.100006,222.32000699999998,223.49000499999997,218.32844500000002,1870300,0.653269482901509
146,2017-12-06,224.309998,224.309998,222.25,222.710007,217.566452,1013000,0.35023033338595233
147,2017-12-07,222.63999900000002,224.74000499999997,222.50999500000003,223.63999900000002,218.47496,1222400,-0.41584332148026304
148,2017-12-08,225.63999900000002,226.149994,224.11000099999998,224.850006,219.65701299999998,981300,-0.5381396342946908
149,2017-12-11,225.600006,227.67999300000002,225.080002,226.020004,220.80001800000002,1401900,-0.5176524109786285
150,2017-12-12,226.16000400000001,229.08999599999999,225.13000499999998,228.75,223.46694900000003,2179500,-1.1934408743169398
151,2017-12-13,229.74000499999997,232.94999700000002,228.36000099999998,232.059998,226.70051600000002,2604700,-1.426354403398731
152,2017-12-14,231.63000499999998,232.52999900000003,226.11999500000002,227.11999500000002,221.87460299999998,1937500,2.1750630101942323
153,2017-12-15,227.50999500000003,229.080002,225.75999500000003,226.210007,220.98561099999998,3398400,0.4022757490123003
154,2017-12-18,228.270004,229.419998,224.539993,227.020004,221.77690099999998,1441500,-0.35679543023883037
155,2017-12-19,227.059998,229.11999500000002,225.44999700000002,227.99000499999997,222.72451800000002,1134300,-0.4254576861823255
156,2017-12-20,227.99000499999997,231.17999300000002,227.77999900000003,227.919998,222.65611299999998,1109900,0.0307156022351209
157,2017-12-21,228.86000099999998,228.86000099999998,224.960007,225.080002,219.88169900000003,934700,1.261771803254198
158,2017-12-22,225.88999900000002,226.82000699999998,223.669998,225.600006,220.389725,1215500,-0.2304982208200828
159,2017-12-26,225.669998,226.92999300000002,225.00999500000003,225.42999300000002,220.22361800000002,441200,0.075417205021154
160,2017-12-27,226.210007,226.33999599999999,224.11999500000002,225.24000499999997,220.038025,1237400,0.08434913682409859
161,2017-12-28,226.19999700000002,227.38999900000002,225.0,227.039993,221.796463,703400,-0.7928065783546961
162,2017-12-29,227.809998,228.5,224.80000299999998,225.00999500000003,219.81332400000002,857900,0.9021812564370651
163,2018-01-02,225.0,226.600006,223.75,226.0,220.78045699999998,1291400,-0.43805530973449913
164,2018-01-03,227.86999500000002,229.55000299999998,225.059998,229.149994,223.857727,1302000,-1.3746428463794733
165,2018-01-04,229.600006,231.41000400000001,228.86000099999998,230.210007,224.89325,1063000,-0.4604547881361204
166,2018-01-05,230.190002,234.539993,229.88000499999998,234.33999599999999,228.927841,1427600,-1.7623918539283387
167,2018-01-08,233.49000499999997,233.49000499999997,230.729996,231.82000699999998,226.46604900000003,1630800,1.0870455197596511
168,2018-01-09,231.82000699999998,235.47000099999997,231.00999500000003,234.66000400000001,229.24046299999998,1777100,-1.2102603560852403
169,2018-01-10,233.07000699999998,234.770004,232.07000699999998,233.88999900000002,228.48822,851200,0.32921672721884854
170,2018-01-11,234.0,237.0,233.899994,235.0,229.57263199999997,1520300,-0.47234085106382245
171,2018-01-12,239.13000499999998,240.399994,237.57000699999998,239.82000699999998,234.281265,1916500,-2.0098435740600973
172,2018-01-16,241.19999700000002,243.809998,240.580002,241.75,236.166733,1513800,-0.7983425025853256
173,2018-01-17,243.00999500000003,250.039993,242.16000400000001,249.149994,243.39581299999998,1712100,-2.970095997674394
174,2018-01-18,250.25,250.25,247.00999500000003,249.649994,243.884262,1205700,-0.20028039736303777
175,2018-01-19,250.649994,250.67999300000002,249.350006,250.059998,244.28480499999998,1523500,-0.16396225037161477
176,2018-01-22,250.149994,250.91000400000001,248.0,250.5,244.71462999999997,1267400,-0.17564950099800106
177,2018-01-23,250.47000099999997,250.67999300000002,248.710007,250.5,244.71462999999997,1007300,0.0
178,2018-01-24,251.08999599999999,253.86999500000002,250.05000299999998,252.99000499999997,247.147125,1472800,-0.9842305825481004
179,2018-01-25,252.91000400000001,254.41000400000001,250.22000099999997,251.350006,245.545029,1075800,0.652476212791481
180,2018-01-26,251.350006,258.52999900000003,250.11000099999998,258.190002,252.227036,1213300,-2.649210250984074
181,2018-01-29,256.690002,259.040009,256.070007,257.019989,251.08404500000003,1975900,0.45522257025697055
182,2018-01-30,243.809998,249.47000099999997,239.479996,243.440002,237.81768799999998,4527900,5.578371216083056
183,2018-01-31,260.209991,267.950012,244.82000699999998,247.850006,242.125854,4063300,-1.77930356798136
184,2018-02-01,247.419998,248.919998,241.91000400000001,243.92999300000002,238.296356,2001700,1.6070237824341602
185,2018-02-02,242.05000299999998,243.83999599999999,238.61999500000002,239.17999300000002,233.65606699999998,1380000,1.9859520607979946
186,2018-02-05,238.11000099999998,239.669998,227.809998,230.44999700000002,225.12768599999998,2016400,3.7882387127998096
187,2018-02-06,225.82000699999998,236.350006,224.61000099999998,234.830002,229.40653999999998,2347100,-1.8651811790215727
188,2018-02-07,233.88000499999998,240.67999300000002,232.710007,238.440002,232.933167,2311700,-1.5140077041267537
189,2018-02-08,238.020004,240.25,230.419998,230.57000699999998,225.24493399999997,2362400,3.413277859682772
190,2018-02-09,232.289993,233.42999300000002,225.33999599999999,231.710007,226.35861200000002,2597200,-0.4919942883606295
191,2018-02-12,232.67999300000002,234.44999700000002,230.460007,232.770004,227.394135,1790900,-0.45538384748234567
192,2018-02-13,230.830002,234.830002,229.36000099999998,233.44999700000002,228.05839500000002,1397900,-0.29127993520600665
193,2018-02-14,231.710007,235.729996,231.460007,235.020004,229.59213300000002,1500200,-0.668031220014776
194,2018-02-15,237.100006,237.100006,229.330002,232.059998,226.70051600000002,1532800,1.275534786482241
195,2018-02-16,231.36000099999998,236.30000299999998,231.36000099999998,235.020004,229.59213300000002,1086600,-1.2594698109187306
196,2018-02-20,233.27999900000003,234.850006,231.61999500000002,232.22000099999997,226.856827,998800,1.20575445178817
197,2018-02-21,233.0,235.440002,232.0,232.02999900000003,226.671219,967000,0.08188682533241566
198,2018-02-22,233.270004,235.169998,232.0,233.67999300000002,228.28311200000002,1023500,-0.7060912570294335
199,2018-02-23,234.979996,235.559998,232.830002,235.24000499999997,229.80706800000002,1052700,-0.6631576121586733
200,2018-02-26,235.42999300000002,238.66000400000001,234.350006,238.22000099999997,232.718246,974300,-1.2509428207079893
201,2018-02-27,238.88000499999998,240.770004,237.039993,237.210007,231.731583,1341500,0.42578051945337103
202,2018-02-28,237.47000099999997,239.690002,235.33999599999999,235.38000499999998,229.943848,1593700,0.7774670580026573
203,2018-03-01,234.649994,236.649994,229.30000299999998,232.039993,226.68093900000002,1498400,1.4394122137385053
204,2018-03-02,230.88000499999998,233.770004,229.309998,233.080002,227.69692999999998,989800,-0.4462025875561807
205,2018-03-05,231.830002,232.91000400000001,228.440002,232.039993,226.68093900000002,1244500,0.4482024786132439
206,2018-03-06,232.309998,233.38999900000002,230.05000299999998,232.75,227.37455699999998,991800,-0.3050513426423159
207,2018-03-07,230.63999900000002,232.16000400000001,229.99000499999997,231.86000099999998,226.50512700000002,973000,0.383851891728413
208,2018-03-08,231.99000499999997,232.13999900000002,227.36000099999998,228.789993,224.23133900000002,1998700,1.3418454014288872
209,2018-03-09,230.440002,233.289993,228.19999700000002,232.80000299999998,228.16143799999998,1957200,-1.7225128644005927
210,2018-03-12,232.19999700000002,232.729996,229.25,229.86000099999998,225.280029,1962000,1.279040279826673
211,2018-03-13,230.94999700000002,231.88999900000002,227.270004,230.22000099999997,225.632858,1783300,-0.15637216507526003
212,2018-03-14,230.55000299999998,230.979996,228.11000099999998,229.02999900000003,224.46655299999998,1670600,0.5195834629506049
213,2018-03-15,229.38999900000002,231.36999500000002,228.38000499999998,230.0,225.41723599999997,1378600,-0.4217395652173774
214,2018-03-16,230.789993,230.919998,228.0,228.11000099999998,223.564911,1834700,0.8285471885119222
215,2018-03-19,228.17999300000002,229.149994,226.190002,227.99000499999997,223.447281,1088800,0.05263213183403135
216,2018-03-20,228.44999700000002,230.91000400000001,227.850006,229.979996,225.39764399999999,1326100,-0.8652887358081491
217,2018-03-21,229.649994,229.649994,225.979996,225.99000499999997,221.48713700000002,1316300,1.765560826462229
218,2018-03-22,224.77999900000003,225.61000099999998,218.309998,218.850006,214.48939500000003,1571900,3.262508021132958
219,2018-03-23,219.149994,219.75999500000003,215.520004,215.63000499999998,211.33355699999998,1481700,1.49329913524791
220,2018-03-26,217.580002,221.33999599999999,217.580002,221.080002,216.674973,1594100,-2.4651695995551983
221,2018-03-27,221.74000499999997,223.72000099999997,218.16000400000001,219.440002,215.067657,1338800,0.7473569016828641
222,2018-03-28,220.210007,223.059998,219.55000299999998,221.479996,217.06700099999998,1509700,-0.9210737027465032
223,2018-03-29,222.66000400000001,223.479996,219.36999500000002,219.69999700000002,215.32246400000002,1634000,0.8101952773353815
224,2018-04-02,221.36000099999998,224.63999900000002,217.49000499999997,220.13000499999998,215.74391200000002,1935800,-0.19534274757317077
225,2018-04-03,221.75,228.33999599999999,220.24000499999997,227.50999500000003,222.976852,1648400,-3.2438091346272713
226,2018-04-04,224.399994,229.0,224.169998,228.419998,223.86871299999999,1572200,-0.3983902495262086
227,2018-04-05,229.33999599999999,231.309998,227.63999900000002,230.729996,226.13269,1227400,-1.0011693494763496
228,2018-04-06,228.58999599999999,230.169998,222.42999300000002,224.77999900000003,220.301254,1786000,2.6470313312884954
229,2018-04-09,225.649994,227.75999500000003,222.58999599999999,222.86999500000002,218.429291,2151700,0.8570036536322508
230,2018-04-10,225.100006,226.17999300000002,222.940002,224.94999700000002,220.467865,1380900,-0.9246508236228193
231,2018-04-11,223.309998,224.580002,219.33999599999999,220.32000699999998,215.93013,1355000,2.1014841380247637
232,2018-04-12,221.919998,224.190002,220.330002,220.460007,216.06732200000002,2027000,-0.063503581400147
233,2018-04-13,221.55000299999998,223.669998,221.440002,222.020004,217.596252,987500,-0.7026380379670698
234,2018-04-16,223.83999599999999,226.63999900000002,222.33999599999999,225.270004,220.78149399999998,1195700,-1.4427131630006096
235,2018-04-17,228.039993,231.91000400000001,226.97000099999997,229.520004,224.946808,2355300,-1.8516904522187092
236,2018-04-18,229.99000499999997,231.55000299999998,228.5,230.649994,226.054276,1089800,-0.4899154690634817
237,2018-04-19,230.789993,231.169998,226.91000400000001,227.669998,223.133667,1011100,1.3089102763553413
238,2018-04-20,228.36000099999998,229.75999500000003,225.330002,226.07000699999998,221.565567,1129900,0.7077413856142435
239,2018-04-23,226.75999500000003,228.5,225.520004,227.19999700000002,222.67301899999998,1071300,-0.4973547600883327
240,2018-04-24,227.850006,229.25,223.539993,225.0,220.516846,2278200,0.9777764444444553
241,2018-04-25,230.0,239.44999700000002,223.17999300000002,238.83999599999999,234.0811,3850700,-5.79467268120369
242,2018-04-26,241.55000299999998,245.80000299999998,236.210007,237.0,232.277756,3899300,0.7763696202531583
243,2018-04-27,236.83999599999999,240.190002,235.61000099999998,239.149994,234.38490299999998,2773200,-0.8990148667952684
244,2018-04-30,239.710007,241.330002,235.55000299999998,235.99000499999997,231.28788799999998,1472600,1.339035100236565
245,2018-05-01,235.830002,237.940002,233.07000699999998,235.52999900000003,230.837067,1261100,0.19530675580732962
246,2018-05-02,234.25,234.940002,228.809998,229.17999300000002,224.61355600000002,1743200,2.770750586417902
247,2018-05-03,229.61999500000002,231.30000299999998,224.13000499999998,230.770004,226.171906,1685700,-0.6890024580490867
248,2018-05-04,230.0,233.809998,227.690002,233.17999300000002,228.533875,1089200,-1.0335316375106092
249,2018-05-07,233.149994,233.63999900000002,228.08999599999999,229.25999500000003,224.69198599999999,1427800,1.7098482445661713
250,2018-05-08,228.17999300000002,229.289993,223.41000400000001,224.100006,219.634796,1415700,2.3025385371921963
251,2018-05-09,224.710007,224.770004,219.960007,221.770004,217.351227,1529200,1.050638931313726
252,2018-05-10,222.86999500000002,226.460007,221.77999900000003,225.669998,221.17349199999998,1289000,-1.728184532531432
253,2018-05-11,225.559998,233.16000400000001,224.74000499999997,232.05000299999998,227.426392,1866400,-2.749409574452789
254,2018-05-14,232.960007,234.690002,229.91000400000001,232.309998,227.681198,1769000,-0.11191726668605625
255,2018-05-15,231.99000499999997,234.11999500000002,230.07000699999998,230.86999500000002,226.269928,975800,0.6237289518718057
256,2018-05-16,231.210007,233.350006,230.36999500000002,232.399994,227.769409,818700,-0.6583472631242733
257,2018-05-17,232.13000499999998,233.0,230.86000099999998,231.789993,227.17155499999998,976000,0.26316968739887864
258,2018-05-18,231.57000699999998,232.44999700000002,230.77999900000003,231.86999500000002,227.249969,899900,-0.034502954985619186
259,2018-05-21,232.61999500000002,234.38999900000002,232.61999500000002,233.649994,228.99450699999997,644600,-0.7618228314613076
260,2018-05-22,233.419998,235.07000699999998,232.080002,233.92999300000002,229.268921,919500,-0.11969350163663367
261,2018-05-23,233.350006,234.27999900000003,230.0,232.059998,227.436188,907200,0.8058239317919916
262,2018-05-24,232.350006,232.350006,229.05000299999998,230.61999500000002,226.02487200000002,678400,0.6244050954905234
263,2018-05-25,231.02999900000003,233.710007,230.13000499999998,232.38999900000002,227.759628,795600,-0.7616523979588296
264,2018-05-29,230.059998,231.58999599999999,227.809998,229.289993,224.72138999999999,924400,1.3520023091456972
265,2018-05-30,230.270004,232.44999700000002,229.0,231.580002,226.965744,896800,-0.9888630193551848
266,2018-05-31,231.42999300000002,231.42999300000002,221.25999500000003,221.419998,217.008194,2424500,4.588566566602541
267,2018-06-01,222.77999900000003,223.770004,220.80000299999998,221.5,217.086594,1697700,-0.0361182844243826
268,2018-06-04,222.559998,225.460007,221.42999300000002,225.24000499999997,220.752106,1237600,-1.660453257404238
269,2018-06-05,225.25999500000003,228.5,224.69999700000002,227.86999500000002,223.329681,1253800,-1.1541624863773965
270,2018-06-06,227.58999599999999,228.600006,225.559998,227.86000099999998,223.319901,1099700,0.0043860264882709605
271,2018-06-07,227.850006,230.5,227.25999500000003,229.58999599999999,225.75849900000003,1448600,-0.7535149745810363
272,2018-06-08,229.63000499999998,229.77999900000003,226.809998,228.30000299999998,224.49000499999997,1016800,0.5650429185495937
273,2018-06-11,228.11000099999998,234.22000099999997,226.75,232.330002,228.452759,1458900,-1.7346011988585235
274,2018-06-12,231.97000099999997,232.649994,226.229996,231.67999300000002,227.813614,1464500,0.28056328541065817
275,2018-06-13,232.5,236.94999700000002,232.0,236.30000299999998,232.356506,1709300,-1.955145976024364
276,2018-06-14,236.960007,242.61999500000002,236.88999900000002,241.74000499999997,237.705719,2481000,-2.2503523982304845
277,2018-06-15,241.039993,245.66000400000001,239.809998,245.16000400000001,241.06864900000002,2479600,-1.3950069114862824
278,2018-06-18,244.72000099999997,246.82000699999998,243.02999900000003,244.039993,239.967346,1606200,0.45894567780945855
279,2018-06-19,242.32000699999998,245.47000099999997,242.210007,244.49000499999997,240.40983599999998,1362100,-0.18406151204420745
280,2018-06-20,244.0,245.57000699999998,242.690002,243.94999700000002,239.87883,1268400,0.22136011749979376
281,2018-06-21,243.94999700000002,244.83999599999999,241.33999599999999,243.080002,239.023361,804300,0.3579048020577263
282,2018-06-22,243.080002,246.30000299999998,241.55000299999998,244.82000699999998,240.734329,1081000,-0.7107282698509065
283,2018-06-25,243.88999900000002,245.44999700000002,241.61000099999998,243.33999599999999,239.27902200000003,1204700,0.6082070454213332
284,2018-06-26,242.899994,244.399994,240.710007,241.270004,237.243591,1125700,0.8579566318571392
285,2018-06-27,241.270004,243.580002,238.97000099999997,240.539993,236.525726,1094600,0.3034884099294001
286,2018-06-28,239.63999900000002,239.92999300000002,233.479996,239.270004,235.276947,1602500,0.530776519734588
287,2018-06-29,239.5,242.039993,237.789993,238.02999900000003,234.057648,1184700,0.5209448410744093
288,2018-07-02,237.97000099999997,238.44999700000002,235.38000499999998,238.270004,234.29363999999998,698000,-0.10072816383549818
289,2018-07-03,238.88000499999998,240.11999500000002,237.61999500000002,238.729996,234.745956,569100,-0.19268295049106426
290,2018-07-05,239.72000099999997,241.75999500000003,238.169998,240.05000299999998,236.04393,703300,-0.5498883497201938
291,2018-07-06,240.25,242.80000299999998,239.55000299999998,242.149994,238.108887,803000,-0.8672273599147878
292,2018-07-09,240.38000499999998,249.05000299999998,239.99000499999997,248.690002,244.53973399999998,1607200,-2.6297832431558708
293,2018-07-10,250.0,250.580002,248.69999700000002,249.520004,245.355911,1262700,-0.3326394624456672
294,2018-07-11,249.020004,252.05000299999998,247.44999700000002,249.580002,245.414886,922300,-0.024039586312691562
295,2018-07-12,250.86000099999998,252.41000400000001,249.97000099999997,250.580002,246.39819300000002,1451700,-0.39907414479149056
296,2018-07-13,250.17999300000002,250.919998,249.710007,250.50999500000003,246.32936099999998,1016000,0.02794579114497028
297,2018-07-16,250.42999300000002,250.42999300000002,247.5,248.27999900000003,244.136581,1027800,0.898177867319872
298,2018-07-17,243.52999900000003,247.020004,242.0,246.02999900000003,241.92411800000002,1387700,0.9145226229098996
299,2018-07-18,246.100006,249.41000400000001,245.850006,248.63000499999998,244.48072799999997,1090800,-1.0457329959028683
300,2018-07-19,248.57000699999998,249.229996,246.55000299999998,248.63999900000002,244.49055499999997,947600,-0.004019465910645566
301,2018-07-20,246.16000400000001,249.289993,246.00999500000003,248.520004,244.372589,863900,0.04828383955764671
302,2018-07-23,248.38999900000002,251.08999599999999,247.690002,248.830002,244.677414,1012400,-0.12458224390481953
303,2018-07-24,249.42999300000002,250.0,245.210007,246.080002,241.97331200000002,1468400,1.117522747744451
304,2018-07-25,247.399994,248.75,240.289993,247.92999300000002,243.79238900000001,2443000,-0.7461747478047228
305,2018-07-26,249.52999900000003,251.17999300000002,246.61999500000002,247.080002,242.956604,999400,0.3440144864496225
306,2018-07-27,247.91000400000001,249.86999500000002,246.770004,249.479996,245.316544,1056400,-0.9619985724226131
307,2018-07-30,249.229996,253.88999900000002,249.229996,252.210007,248.000992,1520600,-1.0824356386461662
308,2018-07-31,251.960007,253.669998,251.17999300000002,253.0,248.777817,1336500,-0.31225019762846234
309,2018-08-01,255.0,256.380005,250.00999500000003,252.270004,248.060013,1328400,0.2893709075296958
310,2018-08-02,251.38999900000002,257.079987,251.30000299999998,256.52999900000003,252.248901,938800,-1.660622545747576
311,2018-08-03,256.540009,258.589996,254.419998,257.950012,253.64521800000003,767500,-0.5504992959643603
312,2018-08-06,257.140015,259.209991,256.929993,258.130005,253.82220499999997,808700,-0.0697295922649394
313,2018-08-07,258.130005,259.559998,257.76001,257.97000099999997,253.66485600000001,591400,0.06202426614713815
314,2018-08-08,258.77999900000003,260.869995,257.369995,260.540009,256.191956,772300,-0.9864158713528063
315,2018-08-09,260.459991,263.23999,260.459991,261.130005,256.772156,697100,-0.22593956600275986
316,2018-08-10,260.23999,262.140015,259.149994,260.040009,255.700333,700500,0.41916472937823396
317,2018-08-13,260.850006,264.549988,260.049988,262.940002,258.55191,913600,-1.1029105415462783
318,2018-08-14,263.170013,266.0,263.01001,264.97000099999997,260.548035,931100,-0.7661240866281974
319,2018-08-15,263.910004,265.059998,262.290009,264.170013,259.761444,913700,0.3028307380217242
320,2018-08-16,265.649994,268.040009,264.480011,266.52999900000003,262.082001,1073700,-0.8854485457001217
321,2018-08-17,266.920013,267.299988,263.859985,263.950012,259.545135,940100,0.9774528822525747
322,2018-08-20,263.950012,263.959991,262.410004,263.170013,258.778168,870100,0.29638597160385144
323,2018-08-21,262.790009,263.77999900000003,261.899994,262.600006,258.21759,727700,0.2170628282468415
324,2018-08-22,262.809998,263.47000099999997,260.809998,262.940002,258.55191,661200,-0.12930554400771058
325,2018-08-23,262.790009,265.559998,262.350006,264.27999900000003,259.869598,761900,-0.5070368567694898
326,2018-08-24,264.350006,266.0,263.890015,265.380005,260.951202,883600,-0.4145022154174542
327,2018-08-27,266.380005,266.869995,264.709991,266.230011,261.78704799999997,815500,-0.3192750497238298
328,2018-08-28,267.26001,267.709991,266.299988,266.709991,262.258972,691500,-0.17996326204368243
329,2018-08-29,266.959991,268.130005,265.790009,267.130005,262.67202799999995,650300,-0.15723205635397663
330,2018-08-30,267.019989,267.019989,264.309998,265.01001,260.587402,769400,0.7999678955523077
331,2018-08-31,264.320007,265.390015,263.179993,264.730011,260.312073,1149100,0.10576775898673313
332,2018-09-04,264.170013,266.109985,262.709991,263.700012,259.29925499999996,1164200,0.390594976537193
333,2018-09-05,267.390015,268.27999900000003,265.22000099999997,267.850006,263.379974,2045000,-1.549372375224062
334,2018-09-06,267.77999900000003,272.359985,267.040009,270.890015,266.369293,1502600,-1.1222299943392147
335,2018-09-07,269.869995,273.140015,269.359985,271.899994,268.104675,1824000,-0.37145238039247147
336,2018-09-10,267.730011,269.040009,261.76001,262.589996,258.924622,1984500,3.5454503758018294
337,2018-09-11,261.940002,264.27999900000003,260.799988,264.170013,260.482574,1294200,-0.598106114337814
338,2018-09-12,263.75,267.809998,263.690002,266.339996,262.622314,873700,-0.8147416957984793
339,2018-09-13,267.47000099999997,270.880005,265.950012,270.339996,266.566467,1204400,-1.4796182803820122
340,2018-09-14,270.200012,272.26001,269.769989,270.77999900000003,267.00030499999997,1030200,-0.16249464569945837
341,2018-09-17,272.170013,274.0,269.299988,269.630005,265.866394,970000,0.42650816996426244
342,2018-09-18,269.290009,272.700012,268.98999,270.97000099999997,267.18765299999995,1080700,-0.49451821052323247
343,2018-09-19,271.76001,272.660004,270.399994,271.850006,268.055359,1101000,-0.32370975927072065
344,2018-09-20,272.350006,275.070007,272.089996,274.119995,270.293671,1267700,-0.8281004820534924
345,2018-09-21,274.22000099999997,276.0,272.519989,272.519989,268.716034,2717000,0.5871150978213227
346,2018-09-24,271.899994,274.690002,270.600006,273.230011,269.416138,1047000,-0.25986237653812516
347,2018-09-25,273.730011,274.329987,269.700012,270.25,266.477692,1172400,1.1026867715078597
348,2018-09-26,270.0,271.52999900000003,268.869995,269.459991,265.69872999999995,786600,0.29318230029926695
349,2018-09-27,270.0,273.22000099999997,269.649994,271.640015,267.848297,916900,-0.8025415548589198
350,2018-09-28,271.609985,274.22000099999997,269.959991,274.049988,270.224701,1053800,-0.8793917553464661
351,2018-10-01,274.76001,278.109985,273.769989,276.200012,272.344666,1015300,-0.7784300892789354
352,2018-10-02,276.299988,277.850006,275.049988,276.119995,272.26577799999995,922500,0.028979067597041643
353,2018-10-03,276.920013,277.200012,275.309998,276.23999,272.384094,707200,-0.04343867808566035
354,2018-10-04,276.410004,276.880005,273.22000099999997,274.98999,271.15155,693900,0.4545620006022765
355,2018-10-05,275.660004,277.980011,274.309998,275.920013,272.068573,655900,-0.33706253848284856
356,2018-10-08,275.950012,277.98999,274.609985,277.390015,273.51806600000003,833300,-0.5299404883048953
357,2018-10-09,277.420013,280.429993,275.22000099999997,279.179993,275.283081,923800,-0.6411555429761828
358,2018-10-10,279.049988,279.52999900000003,272.049988,272.649994,268.844208,1997600,2.3950116059786275
359,2018-10-11,272.350006,274.589996,266.02999900000003,268.519989,264.77185099999997,2016100,1.5380624047321791
360,2018-10-12,269.48999,272.910004,267.72000099999997,271.410004,267.62149,1326700,-1.064815208506465
361,2018-10-15,270.98999,271.929993,267.320007,267.380005,263.647797,1305300,1.5072177891536924
362,2018-10-16,270.929993,279.079987,270.0,278.420013,274.53369100000003,1417800,-3.965235070942979
363,2018-10-17,276.920013,281.399994,275.700012,279.579987,275.67746,1067900,-0.414898796028642
364,2018-10-18,279.679993,282.549988,277.910004,281.190002,277.265015,903800,-0.5725719223829216
365,2018-10-19,281.089996,283.059998,278.51001,279.149994,275.25351,1054100,0.7307927794546184
366,2018-10-22,279.26001,280.51001,272.790009,275.730011,271.881256,955100,1.2403375996673798
367,2018-10-23,271.920013,276.119995,268.51001,274.089996,270.26409900000004,1654900,0.5983490911503407
368,2018-10-24,273.52999900000003,276.47000099999997,265.100006,265.429993,261.72497599999997,1753600,3.262631664990459
369,2018-10-25,266.440002,273.690002,263.890015,270.929993,267.148254,1893000,-2.0300447134326687
370,2018-10-26,269.709991,270.0,263.51001,265.75,262.040527,1653700,1.9491977422389555
371,2018-10-29,267.920013,269.480011,259.72000099999997,263.519989,259.841614,2257600,0.846239789422574
372,2018-10-30,264.339996,267.25,261.600006,265.48999,261.784149,1904100,-0.7420245863130162
373,2018-10-31,270.0,279.200012,266.0,275.570007,271.72345,2621600,-3.65787884891261
374,2018-11-01,278.570007,279.649994,264.299988,265.929993,262.21801800000003,2286900,3.6250194614189115
375,2018-11-02,267.480011,275.27999900000003,266.209991,268.0,264.259125,1430800,-0.7723906716417819
376,2018-11-05,268.959991,271.5,268.079987,269.179993,265.422638,1066200,-0.43836578894629225
377,2018-11-06,268.859985,273.380005,268.859985,272.01001,268.213165,984400,-1.0404091378842997
378,2018-11-07,274.679993,290.839996,274.209991,289.940002,285.892883,2393500,-6.1840352749945735
379,2018-11-08,289.01001,289.52999900000003,285.079987,287.369995,283.358765,1763400,0.8943198819347773
380,2018-11-09,287.72000099999997,288.600006,284.679993,287.059998,283.05307,918300,0.1079903163658525
381,2018-11-12,287.209991,288.23999,282.230011,282.670013,278.724335,863300,1.5530423455281848
382,2018-11-13,282.899994,284.589996,278.320007,280.25,276.338135,1109400,0.8635193577163186
383,2018-11-14,281.769989,283.910004,275.76001,280.100006,276.190186,1537600,0.0535501595098118
384,2018-11-15,279.059998,284.890015,276.859985,284.140015,280.17382799999996,1945200,-1.421837399424364
385,2018-11-16,284.149994,288.940002,283.48999,286.329987,282.333221,1378700,-0.7648420002896907
386,2018-11-19,286.820007,287.859985,279.339996,281.790009,277.856659,1579500,1.6111209961315622
387,2018-11-20,280.0,282.119995,276.480011,277.859985,273.981506,1051700,1.414390056920216
388,2018-11-21,278.230011,281.589996,277.27999900000003,278.950012,275.05627400000003,924900,-0.3907606929947078
389,2018-11-23,277.859985,282.269989,276.399994,280.73999,276.821259,564700,-0.637592813193433
390,2018-11-26,283.730011,286.320007,281.070007,281.329987,277.403046,1679100,-0.2097170679498305
391,2018-11-27,279.660004,282.679993,276.290009,282.079987,278.14257799999996,1591300,-0.265882031538806
392,2018-11-28,283.019989,292.950012,283.019989,291.299988,287.23388700000004,1317800,-3.1651223411653446
393,2018-11-29,290.940002,293.75,290.660004,292.170013,288.09173599999997,1289000,-0.2977803885712249
394,2018-11-30,293.119995,294.410004,287.950012,290.070007,286.021057,1707200,0.7239652322964945
395,2018-12-03,292.950012,297.230011,291.329987,296.25,292.114807,2139600,-2.0860735864978985
396,2018-12-04,296.200012,300.570007,291.570007,292.920013,289.564392,2707600,1.136824679848699
397,2018-12-06,289.670013,291.640015,274.97000099999997,287.410004,284.117462,2292500,1.9171249863661557
398,2018-12-07,285.869995,288.320007,278.809998,280.52999900000003,277.316284,1675500,2.4525024149021517
399,2018-12-10,280.0,280.98999,270.359985,276.660004,273.490631,1696500,1.3988270599461197
400,2018-12-11,279.75,282.899994,274.77999900000003,276.23999,273.075439,1367700,0.15204677642800285
401,2018-12-12,280.329987,282.97000099999997,278.179993,278.559998,275.368866,1221900,-0.8328575591101309
402,2018-12-13,280.070007,282.76001,278.640015,280.450012,277.237213,1444900,-0.6739218823781001
403,2018-12-14,279.609985,281.600006,271.679993,275.579987,272.423004,1307400,1.7671910986772774
404,2018-12-17,268.209991,271.429993,265.049988,266.690002,263.634857,2178900,3.3334526728902367
405,2018-12-18,267.25,268.910004,256.0,259.359985,256.388794,2249300,2.8261942566043863
406,2018-12-19,259.149994,263.480011,255.47000099999997,257.609985,254.65885899999998,1807800,0.6793214944676931
407,2018-12-20,257.0,257.709991,250.059998,252.11000099999998,249.22186299999998,2777900,2.1815810472350172
408,2018-12-21,250.74000499999997,259.130005,248.88999900000002,251.960007,249.07359300000002,2980700,0.05953087626322872
409,2018-12-24,250.100006,251.67999300000002,246.57000699999998,249.0,246.147491,1013600,1.1887578313252973
410,2018-12-26,249.49000499999997,259.670013,248.19999700000002,259.399994,256.42834500000004,1624400,-4.009249899982647
411,2018-12-27,256.950012,260.880005,250.710007,260.880005,257.891388,1449600,-0.5673148465326006
412,2018-12-28,262.23999,263.079987,258.019989,259.079987,256.112,1004200,0.6947730779374964
413,2018-12-31,259.690002,262.890015,258.209991,262.630005,259.621368,978300,-1.3517183613502066
414,2019-01-02,258.410004,258.929993,250.88000499999998,255.020004,252.098541,2180300,2.9840800253457695
415,2019-01-03,256.51001,256.880005,248.08999599999999,248.419998,245.574142,2156500,2.6567933552595906
416,2019-01-04,250.00999500000003,253.63999900000002,249.16000400000001,249.91000400000001,247.047073,1787300,-0.5962170285908291
417,2019-01-07,249.919998,253.11999500000002,249.25,250.350006,247.48203999999998,1485300,-0.1757547391470774
418,2019-01-08,252.86000099999998,256.350006,241.17999300000002,249.460007,246.60223399999998,3164700,0.35677021367197237
419,2019-01-09,250.94999700000002,255.0,250.789993,251.350006,248.47056600000002,1458000,-0.7519391107553891
420,2019-01-10,251.49000499999997,254.039993,250.47000099999997,252.270004,249.38002000000003,1705500,-0.36468782868057215
421,2019-01-11,251.77999900000003,256.940002,251.270004,256.640015,253.69998199999998,1432400,-1.7027785008506973
422,2019-01-14,255.99000499999997,257.600006,254.41000400000001,255.11999500000002,252.19737200000003,1569600,0.5958059069419425
423,2019-01-15,255.0,261.26001,253.690002,260.350006,257.367493,1457300,-2.00883844035709
424,2019-01-16,260.399994,263.0,259.679993,261.920013,258.919525,1283000,-0.5994223129486389
425,2019-01-17,261.809998,263.769989,260.880005,261.890015,258.889801,1199600,0.011454426775292584
426,2019-01-18,264.269989,266.850006,262.399994,266.119995,263.07135,1581200,-1.589501006867226
427,2019-01-22,265.619995,267.790009,262.380005,264.570007,261.539124,1344200,0.5858517439582793
428,2019-01-23,265.52999900000003,268.429993,264.22000099999997,268.100006,265.028687,1307700,-1.3166724807906316
429,2019-01-24,268.51001,269.329987,264.450012,265.600006,262.557343,1746900,0.9412650389774464
430,2019-01-25,268.26001,272.980011,267.630005,272.679993,269.55618300000003,2004900,-2.596445350502857
431,2019-01-28,270.910004,271.540009,268.540009,270.01001,266.916809,1316600,0.9888459320452607
432,2019-01-29,269.859985,273.429993,267.600006,272.709991,269.585846,1442000,-0.990055769537237
433,2019-01-30,291.940002,305.98999,290.5,297.559998,294.151184,4478000,-8.35125929796518
434,2019-01-31,297.709991,304.380005,297.119995,303.0,299.52887000000004,3410500,-1.7953801980197994
435,2019-02-01,301.26001,304.73999,299.829987,303.290009,299.815582,2444200,-0.09562101994596128
436,2019-02-04,303.559998,304.320007,300.329987,304.209991,300.725006,1181100,-0.3024167605330242
437,2019-02-05,305.0,307.230011,302.410004,303.549988,300.07254,1399900,0.21742810940253354
438,2019-02-06,302.869995,311.600006,302.329987,311.359985,307.793091,1755300,-2.508349619813866
439,2019-02-07,310.0,310.450012,305.619995,308.049988,304.521027,1075900,1.0744999607011867
440,2019-02-08,306.579987,307.440002,301.019989,304.25,300.76455699999997,1735500,1.2489689400164288
441,2019-02-11,304.630005,305.480011,299.609985,302.170013,298.70840499999997,1037600,0.6883499058525099
442,2019-02-12,303.660004,307.100006,301.51001,306.440002,302.929474,1042300,-1.3934176256793034
443,2019-02-13,306.869995,309.5,304.450012,305.700012,302.197998,1149500,0.24206410564353445
444,2019-02-14,305.670013,309.269989,304.01001,308.170013,304.639648,809700,-0.8015059531441068
445,2019-02-15,310.869995,311.839996,308.77999900000003,311.579987,308.010559,1153600,-1.0944136793997727
446,2019-02-19,311.0,312.579987,310.320007,311.600006,308.030365,1021200,-0.006424582674748306
447,2019-02-20,311.109985,313.679993,310.049988,312.950012,309.364929,1092500,-0.43138071520508764
448,2019-02-21,313.209991,313.209991,308.859985,311.299988,307.73379500000004,1024800,0.5300430657260515
449,2019-02-22,311.299988,317.209991,309.549988,316.790009,313.160889,1247400,-1.7330158287914985
450,2019-02-25,317.640015,317.98999,314.149994,314.399994,310.79830899999996,1665500,0.7601829025480216
451,2019-02-26,313.22000099999997,317.559998,313.22000099999997,317.420013,313.78369100000003,1496400,-0.95142677723978
452,2019-02-27,315.149994,315.97000099999997,304.230011,306.070007,302.563721,2618900,3.7083038979379674
453,2019-02-28,305.350006,309.589996,297.700012,300.730011,297.284882,2766600,1.7756777856134836
454,2019-03-01,303.869995,308.809998,303.089996,307.679993,304.15524300000004,2124600,-2.258834554770688
455,2019-03-04,307.619995,308.98999,291.22000099999997,292.589996,289.238129,2751700,5.157386515703031
456,2019-03-05,294.359985,300.600006,290.01001,298.690002,295.26828,2481400,-2.0422531585104773
457,2019-03-06,299.309998,299.309998,293.23999,294.459991,291.0867,1558000,1.4365316611043402
458,2019-03-07,300.23999,301.299988,286.820007,291.420013,288.081573,2409800,1.043160340535713
459,2019-03-08,291.0,296.589996,290.070007,295.040009,291.660065,1822900,-1.2269508844815737
460,2019-03-11,295.209991,297.0,292.579987,295.97000099999997,292.579407,1404300,-0.31421833187748316
461,2019-03-12,297.0,298.5,295.209991,296.980011,293.57782000000003,1018500,-0.34009359640033904
462,2019-03-13,298.769989,304.850006,297.640015,303.609985,300.131866,1144700,-2.183714083052968
463,2019-03-14,303.660004,306.459991,303.369995,305.450012,301.950806,967800,-0.6023987322678581
464,2019-03-15,304.649994,306.670013,301.910004,303.0,300.31543,1632000,0.8085848184818532
465,2019-03-18,304.0,308.880005,303.640015,308.230011,305.499115,1091400,-1.6967883766516139
466,2019-03-19,308.329987,312.410004,306.359985,307.98999,305.26122999999995,1276100,0.07793142887533876
467,2019-03-20,307.769989,309.309998,300.829987,303.01001,300.325348,1222300,1.6435034604962242
468,2019-03-21,301.160004,305.339996,301.160004,304.859985,302.158936,943600,-0.6068277540589566
469,2019-03-22,304.480011,306.0,301.070007,301.51001,298.838623,1096100,1.1110659311112
470,2019-03-25,301.570007,301.570007,293.519989,297.75,295.111938,983900,1.262807724601183
471,2019-03-26,299.22000099999997,299.5,285.22000099999997,288.299988,285.745636,2394300,3.277839886694694
472,2019-03-27,288.790009,291.540009,279.22000099999997,283.0,280.492615,2518600,1.872787279151938
473,2019-03-28,285.0,285.0,279.600006,282.350006,279.848389,1693600,0.23020860144766295
474,2019-03-29,284.73999,287.649994,281.700012,286.980011,284.43734700000005,1582100,-1.6133545273297738
475,2019-04-01,289.799988,290.519989,284.570007,288.329987,285.775421,1347400,-0.4682052026728758
476,2019-04-02,289.429993,289.690002,285.390015,288.200012,285.646576,1163200,0.045098887782142674
477,2019-04-03,289.730011,291.0,285.73999,287.660004,285.111359,1015300,0.18772439424703624
478,2019-04-04,288.329987,292.079987,287.329987,291.200012,288.619995,760600,-1.215662037816125
479,2019-04-05,291.22000099999997,293.559998,289.209991,293.309998,290.711273,1072900,-0.7193706366599859
480,2019-04-08,293.140015,293.649994,288.920013,289.5,286.935028,997800,1.316061485319519
481,2019-04-09,288.25,291.290009,286.72000099999997,290.100006,287.52972400000004,1095300,-0.20682729665300578
482,2019-04-10,290.420013,291.190002,286.359985,288.040009,285.487976,1008200,0.7151773835696589
483,2019-04-11,289.700012,290.940002,275.350006,276.290009,273.84207200000003,2381000,4.252777739784285
484,2019-04-12,276.890015,276.890015,249.149994,252.850006,250.60977200000002,7352000,9.270319337069736
485,2019-04-15,254.600006,264.649994,254.5,262.880005,260.550903,4080000,-3.815428640150846
486,2019-04-16,266.429993,267.48999,241.190002,245.13000499999998,242.95814500000003,6399600,7.2410556186297965
487,2019-04-17,243.399994,243.830002,227.16000400000001,236.25,234.15682999999999,7072900,3.758732275132268
488,2019-04-18,238.020004,241.440002,230.50999500000003,239.61999500000002,237.496979,3977900,-1.4063913990149348
489,2019-04-22,240.74000499999997,245.24000499999997,239.07000699999998,244.0,241.838165,3303000,-1.7950840163934354
490,2019-04-23,245.25,252.16000400000001,244.080002,250.63999900000002,248.419342,3763500,-2.649217613506301
491,2019-04-24,248.30000299999998,253.99000499999997,247.75,251.0,248.776154,3264200,-0.14342669322708473
492,2019-04-25,249.0,257.52999900000003,248.25,255.91000400000001,253.642639,3185800,-1.9186448060858203
493,2019-04-26,258.0,266.769989,257.429993,266.399994,264.039703,4127700,-3.937684022620503
494,2019-04-29,266.700012,268.170013,262.540009,266.290009,263.93066400000004,2248300,0.041302713689117296
495,2019-04-30,266.329987,268.170013,260.0,263.02999900000003,260.699554,2341400,1.2394061561015957
496,2019-05-01,262.26001,264.910004,256.630005,260.72000099999997,258.410034,1854900,0.8860072074025745
497,2019-05-02,260.769989,262.01001,255.42999300000002,261.589996,259.272339,1604600,-0.33257961439779876
498,2019-05-03,262.01001,263.339996,257.140015,261.700012,259.381348,1231700,-0.042038973998988614
499,2019-05-06,257.25,269.75,256.100006,268.700012,266.31933599999996,1686200,-2.6051357228819176
500,2019-05-07,267.369995,269.399994,262.290009,264.890015,262.543121,1473400,1.4383316789045484
501,2019-05-08,264.709991,266.890015,260.26001,264.649994,262.305206,1228100,0.09069374851374942
502,2019-05-09,261.600006,267.890015,260.350006,266.049988,263.69277999999997,1471200,-0.5262146450463259
503,2019-05-10,268.769989,269.820007,261.690002,268.309998,265.93277,1467900,-0.8423130024398204
504,2019-05-13,264.48999,266.019989,258.579987,261.200012,258.88580299999995,2501200,2.7220465824480864
505,2019-05-14,262.75,264.75,261.200012,261.329987,259.01461800000004,1281800,-0.04973596849411764
506,2019-05-15,259.269989,262.950012,257.5,258.649994,256.35836800000004,2055800,1.0361465540958121
507,2019-05-16,259.320007,269.440002,259.140015,263.820007,261.482574,1524900,-1.959674347215063
508,2019-05-17,261.350006,267.839996,261.0,265.070007,262.721497,879500,-0.4715735341569596
509,2019-05-20,264.98999,266.880005,262.579987,266.309998,263.9505,1207700,-0.46561939443221045
510,2019-05-21,269.0,278.290009,268.01001,277.059998,274.605255,2404300,-3.8800260151593586
511,2019-05-22,274.649994,280.25,274.390015,277.140015,274.68457,1537900,-0.028872409493085293
512,2019-05-23,275.079987,278.01001,273.410004,277.72000099999997,275.25939900000003,1683100,-0.20883839763487635
513,2019-05-24,277.190002,279.929993,275.019989,277.25,274.793579,1386100,0.16952245266004254
514,2019-05-28,278.119995,279.100006,272.190002,272.26001,269.847809,1621900,1.8328031355027048
515,2019-05-29,270.440002,276.920013,269.440002,275.570007,273.128448,1672200,-1.2011455949195347
516,2019-05-30,276.549988,279.26001,275.070007,277.820007,275.358521,1113800,-0.8098768783056003
517,2019-05-31,276.450012,279.769989,273.730011,277.980011,275.51715099999996,2056600,-0.05755953437961944
518,2019-06-03,277.429993,281.589996,273.799988,276.440002,273.990753,2270100,0.5570861629497448
519,2019-06-04,277.079987,281.149994,276.52999900000003,279.809998,277.330902,1722500,-1.2043872713940746
520,2019-06-05,282.820007,282.820007,274.109985,276.920013,274.466522,1487600,1.0436172411995461
521,2019-06-06,280.0,281.670013,277.140015,277.5,275.041382,1612400,-0.20900432432433041
522,2019-06-07,277.540009,279.850006,276.309998,278.130005,276.462799,1377500,-0.2265145754410722
523,2019-06-10,280.0,282.48999,277.929993,282.140015,280.44879199999997,1232700,-1.421283684272868
524,2019-06-11,282.140015,285.859985,281.869995,283.450012,281.750916,1485600,-0.4621615609598245
525,2019-06-12,282.890015,283.440002,278.679993,281.100006,279.415009,1268600,0.8360035396086074
526,2019-06-13,281.200012,285.299988,280.76001,285.100006,283.391022,1073900,-1.4030164559168756
527,2019-06-14,286.0,286.950012,282.51001,285.320007,283.60967999999997,1426500,-0.07710675543337132
528,2019-06-17,285.450012,288.049988,285.190002,287.450012,285.726929,1085000,-0.7410001430092268
529,2019-06-18,288.369995,290.190002,286.5,288.329987,286.601654,1829500,-0.30519718366997384
530,2019-06-19,288.109985,292.149994,286.519989,291.070007,289.325226,1115100,-0.9413611619557761
531,2019-06-20,292.459991,294.369995,289.380005,291.230011,289.484283,1525800,-0.054940766389633834
532,2019-06-21,292.369995,294.829987,289.429993,293.76001,291.999115,1965600,-0.8612469069564751
533,2019-06-24,293.790009,294.859985,286.609985,290.52999900000003,288.788452,1523800,1.1117650539075623
534,2019-06-25,289.980011,291.350006,284.070007,285.179993,283.47052,1750100,1.8760102851955702
535,2019-06-26,285.179993,285.799988,277.109985,278.839996,277.16854900000004,1474600,2.2737043074695924
536,2019-06-27,279.48999,284.25,278.809998,282.420013,280.727081,1116600,-1.2676215690139487
537,2019-06-28,282.26001,282.390015,275.540009,282.209991,280.518311,2629200,0.07442046940144682
538,2019-07-01,283.899994,284.660004,278.890015,282.72000099999997,281.025299,1300600,-0.18039402879033156
539,2019-07-02,283.209991,283.209991,277.149994,280.660004,278.97763100000003,1380900,0.7339831007769646
540,2019-07-03,279.589996,284.480011,279.589996,282.77999900000003,281.08493,720100,-0.7496976474633967
541,2019-07-05,282.730011,288.309998,282.27999900000003,284.059998,282.357239,979200,-0.4506086773963771
542,2019-07-08,283.480011,285.649994,281.399994,284.73999,283.033142,944800,-0.23881155576354773
543,2019-07-09,282.77999900000003,285.579987,281.910004,284.160004,282.456665,841600,0.20410543068543965
544,2019-07-10,284.769989,289.049988,283.01001,287.920013,286.194122,1227700,-1.305921377545912
545,2019-07-11,296.609985,304.079987,294.51001,303.880005,302.058441,2581000,-5.2520704677492684
546,2019-07-12,304.170013,312.480011,302.609985,310.480011,308.618896,2029200,-2.1257426456352477
547,2019-07-15,309.700012,310.77999900000003,305.899994,306.850006,305.01062,1780100,1.1829900371584097
548,2019-07-16,307.51001,307.76001,303.089996,305.410004,303.579254,994400,0.471497980138199
549,2019-07-17,304.5,306.890015,301.52999900000003,304.690002,302.863586,1249300,0.2363064082424412
550,2019-07-18,304.160004,305.040009,297.01001,304.570007,302.744293,1324600,0.03939816700336392
551,2019-07-19,305.600006,306.369995,301.5,302.119995,300.30899,938700,0.810940037252403
552,2019-07-22,301.73999,303.76001,300.209991,301.77999900000003,299.971039,858000,0.11266353009696481
553,2019-07-23,300.880005,303.47000099999997,296.649994,302.589996,300.776154,1220100,-0.26768796414536883
554,2019-07-24,293.480011,293.480011,280.059998,288.910004,287.17819199999997,3389200,4.735035758747894
555,2019-07-25,289.269989,296.119995,288.0,293.950012,292.18798799999996,1985000,-1.7145799606226926
556,2019-07-26,294.450012,300.01001,292.619995,299.980011,298.181854,1123300,-2.0101336018685507
557,2019-07-29,299.700012,302.070007,296.929993,298.320007,296.53179900000003,1119700,0.5564507780398433
558,2019-07-30,298.27999900000003,299.98999,295.02999900000003,299.640015,297.84387200000003,795700,-0.440531282178727
559,2019-07-31,300.809998,302.390015,294.450012,294.609985,292.843964,1516700,1.7073521795264377
560,2019-08-01,294.420013,296.269989,290.410004,292.950012,291.193939,1149800,0.56664035910672
561,2019-08-02,292.579987,294.369995,288.320007,290.570007,288.828217,904900,0.8190814408453518
562,2019-08-05,287.549988,290.420013,279.540009,283.619995,281.91986099999997,1347100,2.4504661598347317
563,2019-08-06,284.130005,291.299988,284.01001,291.040009,289.29541,1290600,-2.5494824665154474
564,2019-08-07,287.339996,288.399994,280.420013,286.5,284.782623,1265500,1.5846453752181495
565,2019-08-08,287.109985,289.640015,285.75,288.649994,286.919708,964000,-0.7448446369965948
566,2019-08-09,288.119995,289.940002,285.200012,287.329987,285.607635,1083800,0.4594045382391555
567,2019-08-12,285.5,286.619995,280.549988,282.0,280.30957,1045100,1.8900663120567436
568,2019-08-13,281.109985,288.980011,281.109985,286.899994,285.18023700000003,1186600,-1.7079101089141162
569,2019-08-14,283.390015,284.269989,272.52999900000003,272.899994,271.26412999999997,1489900,5.130084392746451
570,2019-08-15,273.309998,275.589996,270.959991,274.109985,272.466858,1188800,-0.4414253643478191
571,2019-08-16,276.869995,278.26001,275.049988,275.540009,273.888306,776400,-0.5189896034299698
572,2019-08-19,278.0,278.809998,273.079987,273.410004,271.77108799999996,1385900,0.7790515960783874
573,2019-08-20,271.790009,272.799988,266.329987,266.570007,264.972107,1446400,2.565928956891253
574,2019-08-21,268.209991,269.390015,266.5,267.880005,266.274231,981100,-0.48902418080812243
575,2019-08-22,268.26001,269.019989,260.820007,261.059998,259.495117,1524300,2.6124289635518867
576,2019-08-23,261.350006,264.23999,259.290009,260.380005,258.819214,1375100,0.26115407747996033
577,2019-08-26,262.359985,264.149994,259.839996,260.51001,258.948425,1237000,-0.0499040324784601
578,2019-08-27,261.119995,261.809998,251.00999500000003,251.30000299999998,249.793625,2045400,3.6649450418033016
579,2019-08-28,250.850006,256.869995,250.190002,253.809998,252.288574,1360000,-0.9889267640276456
580,2019-08-29,256.329987,260.350006,254.669998,259.790009,258.232727,1504200,-2.301863348409211
581,2019-08-30,260.98999,263.23999,260.51001,261.519989,259.95233199999996,1159200,-0.6615096637985909
582,2019-09-03,259.809998,260.5,256.309998,258.100006,256.552887,1038300,1.3250611857792836
583,2019-09-04,260.52999900000003,261.959991,253.99000499999997,254.229996,252.706055,1292900,1.5222475950477565
584,2019-09-05,254.399994,255.36999500000002,249.22000099999997,251.22000099999997,249.71411099999997,2881700,1.1981510182384054
585,2019-09-06,252.88000499999998,255.97000099999997,248.690002,249.38000499999998,247.88513199999997,2241100,0.7378281991773901
586,2019-09-09,250.809998,252.229996,247.61000099999998,250.44999700000002,249.749908,1303800,-0.4272277950955782
587,2019-09-10,251.080002,254.210007,248.19999700000002,252.58999599999999,251.88392599999997,2220100,-0.8472223895992937
588,2019-09-11,253.0,254.5,248.38999900000002,249.809998,249.111694,1382600,1.1128449710807722
589,2019-09-12,251.47000099999997,253.27999900000003,248.020004,248.16000400000001,247.466309,1827100,0.6648911885091654
590,2019-09-13,250.55000299999998,256.579987,249.00999500000003,253.080002,252.372559,2052400,-1.9440485068432996
591,2019-09-16,252.5,260.27999900000003,252.460007,258.579987,257.857178,1748400,-2.1269956208946708
592,2019-09-17,258.48999,259.26001,255.82000699999998,257.290009,256.57080099999996,1204100,0.5013711978221506
593,2019-09-18,255.899994,259.709991,251.38999900000002,251.789993,251.08615099999997,1979700,2.1843663977543333
594,2019-09-19,252.580002,257.230011,251.0,255.44999700000002,254.735931,1818200,-1.432767290265427
595,2019-09-20,255.580002,256.140015,251.55000299999998,252.08999599999999,251.385315,2174800,1.3328577306971119
596,2019-09-23,250.850006,252.42999300000002,249.36000099999998,251.399994,250.69725,1250400,0.27446380925529884
597,2019-09-24,252.61999500000002,252.97000099999997,246.169998,248.190002,247.496231,1889800,1.2933607212751461
598,2019-09-25,247.690002,250.47000099999997,243.97000099999997,244.0,243.31793199999998,1526200,1.7172139344262265
599,2019-09-26,243.789993,244.770004,235.44999700000002,238.80000299999998,238.132477,2310100,2.1775531552233796
600,2019-09-27,240.270004,241.47000099999997,237.100006,237.690002,237.02557400000003,1148700,0.46699524197908115
601,2019-09-30,237.22000099999997,242.36999500000002,236.02999900000003,240.100006,239.428848,1424200,-1.0037500790399876
602,2019-10-01,241.350006,241.440002,235.11999500000002,238.440002,237.773483,1693700,0.6961935858396843
603,2019-10-02,237.66000400000001,241.92999300000002,236.36999500000002,237.899994,237.23498500000002,1202600,0.2269894971077638
604,2019-10-03,237.27999900000003,239.49000499999997,235.899994,238.229996,237.564056,1357300,-0.13852243862691727
605,2019-10-04,238.72000099999997,241.80000299999998,238.669998,241.789993,241.114105,913600,-1.47235084290689
606,2019-10-07,241.75,242.50999500000003,240.419998,241.02999900000003,240.35623199999998,1234600,0.3153109584504365
607,2019-10-08,239.07000699999998,239.940002,234.91000400000001,235.520004,234.86164900000003,1572800,2.3395019133916253
608,2019-10-09,237.600006,238.669998,236.11000099999998,238.25,237.584015,944300,-1.1458535152151101
609,2019-10-10,237.399994,239.63999900000002,235.67999300000002,237.229996,236.566864,1145900,0.4299641770427716
610,2019-10-11,239.809998,244.919998,236.97000099999997,237.55000299999998,236.88597099999998,1565700,-0.13471142747153556
611,2019-10-14,237.61000099999998,238.979996,234.690002,234.82000699999998,234.163605,1233500,1.1625908860483085
612,2019-10-15,240.729996,251.74000499999997,240.50999500000003,248.940002,248.244125,2834000,-5.672047435751212
613,2019-10-16,247.13000499999998,248.520004,244.33999599999999,245.020004,244.335083,1679900,1.599868556038385
614,2019-10-17,245.979996,250.080002,245.229996,249.25,248.553268,1372200,-1.697089669007021
615,2019-10-18,248.899994,250.36000099999998,246.19999700000002,249.399994,248.70283500000002,1534600,-0.06014194210445427
616,2019-10-21,250.92999300000002,254.30000299999998,249.49000499999997,253.07000699999998,252.36259500000003,2391400,-1.4501967433857081
617,2019-10-22,253.16000400000001,264.959991,253.16000400000001,260.25,259.52252200000004,2851800,-2.758882997118165
618,2019-10-23,252.67999300000002,272.959991,251.63999900000002,263.51001,262.77340699999996,2742300,-1.2371484483644557
619,2019-10-24,264.790009,265.600006,257.350006,259.48999,258.76461800000004,1582100,1.5492004142433569
620,2019-10-25,258.910004,263.420013,258.100006,263.070007,262.334625,1369200,-1.3608609513588519
621,2019-10-28,264.600006,271.089996,263.01001,267.670013,266.921783,1598900,-1.7185361738671892
622,2019-10-29,266.679993,275.690002,266.320007,272.640015,271.877899,1537900,-1.8229172999422047
623,2019-10-30,271.790009,274.190002,270.5,273.459991,272.695587,962800,-0.2998522734537781
624,2019-10-31,272.459991,275.230011,266.630005,269.079987,268.32782000000003,1877400,1.6277702585142404
625,2019-11-01,269.320007,275.709991,268.690002,270.75,269.99316400000004,1432700,-0.6168099722991627
626,2019-11-04,272.399994,273.519989,266.52999900000003,271.72000099999997,270.96044900000004,1175200,-0.3569854984653736
627,2019-11-05,273.859985,275.809998,271.679993,273.0,272.236877,1404500,-0.4688641025641143
628,2019-11-06,272.51001,277.549988,272.5,277.320007,276.5448,1603900,-1.5577696851853808
629,2019-11-07,277.72000099999997,281.02999900000003,277.72000099999997,279.769989,278.987946,1614000,-0.8757129414620787
630,2019-11-08,280.01001,283.440002,279.01001,282.089996,281.301453,1229700,-0.8224350501249167
631,2019-11-11,279.77999900000003,281.22000099999997,277.730011,279.149994,278.36969,993000,1.0531979449012607
632,2019-11-12,278.52999900000003,284.980011,278.52999900000003,283.670013,282.877045,1302600,-1.5934074075006268
633,2019-11-13,281.799988,287.660004,280.829987,283.73999,282.946838,1305700,-0.024662367824850637
634,2019-11-14,283.0,284.480011,281.920013,282.01001,281.22171000000003,1186900,0.6134463099377057
635,2019-11-15,281.790009,298.619995,278.640015,297.820007,296.987488,2661800,-5.30857451762801
636,2019-11-18,297.600006,307.380005,293.709991,294.0,293.178162,2349500,1.2993221088435292
637,2019-11-19,294.480011,295.149994,290.119995,292.72000099999997,291.901764,2286900,0.4372776016764335
638,2019-11-20,293.540009,293.690002,288.049988,292.700012,291.881805,1208800,0.006829176351367126
639,2019-11-21,292.859985,295.97000099999997,289.27999900000003,293.730011,292.908936,1368500,-0.3506618191628963
640,2019-11-22,294.01001,296.98999,290.059998,291.829987,291.014221,1149400,0.6510722285712103
641,2019-11-25,291.0,294.290009,290.209991,293.890015,293.068481,1452000,-0.7009520211157866
642,2019-11-26,292.309998,293.880005,286.850006,287.23999,286.437042,2464600,2.315145951648316
643,2019-11-27,288.630005,291.600006,286.920013,289.450012,288.6409,1189000,-0.7635245839962299
644,2019-11-29,289.179993,290.75,287.5,288.660004,287.853088,512500,0.2736811435781731
645,2019-12-02,289.619995,292.230011,287.0,287.429993,286.62652599999996,1262000,0.4279341161170993
646,2019-12-03,285.01001,286.97000099999997,282.350006,286.190002,285.390015,1093100,0.4332754433538988
647,2019-12-04,288.01001,289.109985,285.730011,287.380005,287.380005,896000,-0.4140869160330031
648,2019-12-05,286.72000099999997,288.359985,284.230011,286.299988,286.299988,970000,0.37723263893395553
649,2019-12-06,282.089996,285.609985,280.850006,285.269989,285.269989,1618500,0.36106111393301005
650,2019-12-09,285.429993,285.429993,282.23999,282.329987,282.329987,1209200,1.0413353647765344
651,2019-12-10,282.579987,284.359985,280.369995,283.850006,283.850006,863400,-0.5355007813528074
652,2019-12-11,283.100006,284.450012,279.649994,280.600006,280.600006,1149700,1.158232334464027
653,2019-12-12,281.829987,285.040009,280.399994,284.420013,284.420013,1110600,-1.3430865710564381
654,2019-12-13,285.059998,288.619995,283.549988,284.119995,284.119995,897100,0.10559552487672186
655,2019-12-16,285.700012,297.350006,285.019989,291.77999900000003,291.77999900000003,2021000,-2.625266990970143
656,2019-12-17,291.0,293.299988,289.01001,290.73999,290.73999,1107500,0.35771102557995366
657,2019-12-18,290.940002,294.75,290.109985,293.179993,293.179993,1105100,-0.8322542664089793
658,2019-12-19,294.5,299.77999900000003,293.899994,298.22000099999997,298.22000099999997,1941200,-1.69003017339536
659,2019-12-20,301.72000099999997,303.320007,297.679993,303.0,303.0,2823500,-1.5775574257425848
660,2019-12-23,303.100006,304.609985,300.440002,303.179993,303.179993,1308200,-0.059368363399897726
661,2019-12-24,303.820007,304.769989,302.480011,304.5,304.5,333100,-0.43349983579637946
662,2019-12-26,304.820007,305.23999,304.01001,304.76001,304.76001,484600,-0.08531631167751388
663,2019-12-27,305.059998,306.600006,304.630005,306.420013,306.420013,604900,-0.5417410513587964
664,2019-12-30,306.540009,306.570007,304.459991,305.309998,305.309998,831700,0.36356981666875376
665,2019-12-31,305.299988,305.549988,300.170013,302.02999900000003,302.02999900000003,916000,1.0859845084461213
666,2020-01-02,302.670013,302.820007,297.200012,300.869995,300.869995,1200500,0.3855499116819591
667,2020-01-03,293.679993,299.52999900000003,293.679993,296.880005,296.880005,986800,1.3439739735924736
668,2020-01-06,295.75,300.559998,294.769989,300.450012,300.450012,1308700,-1.1882199558707398
669,2020-01-07,299.200012,300.27999900000003,294.609985,299.540009,299.540009,1313200,0.30380015111771513
670,2020-01-08,300.890015,308.76001,298.51001,307.480011,307.480011,2067800,-2.582282332492824
671,2020-01-09,307.829987,309.0,305.790009,306.410004,306.410004,1439900,0.34920759310455657
672,2020-01-10,307.940002,309.100006,306.429993,307.73999,307.73999,1049900,-0.4321784763819492
673,2020-01-13,306.880005,307.0,296.339996,296.73999,296.73999,1756500,3.706948969028408
674,2020-01-14,296.040009,298.049988,294.820007,296.880005,296.880005,1067700,-0.047162152264180045
675,2020-01-15,297.26001,304.799988,297.22000099999997,301.549988,301.549988,1401000,-1.5486596537354207
676,2020-01-16,302.920013,305.23999,302.089996,305.049988,305.049988,704200,-1.1473529381027219
677,2020-01-17,305.070007,305.649994,300.079987,305.390015,305.390015,1312600,-0.1113418852283106
678,2020-01-21,303.940002,308.230011,303.170013,305.98999,305.98999,992400,-0.19607667558013
679,2020-01-22,306.679993,306.679993,302.140015,303.51001,303.51001,998000,0.8170999038878338
680,2020-01-23,303.459991,305.359985,301.290009,304.399994,304.399994,1089300,-0.29237319892981667
681,2020-01-24,304.839996,305.579987,295.420013,297.27999900000003,297.27999900000003,1088700,2.395046765322399
682,2020-01-27,293.630005,293.809998,278.950012,283.790009,283.790009,2399600,4.753511248523211
683,2020-01-28,285.0,293.619995,284.130005,290.320007,290.320007,1985900,-2.249241472359147
684,2020-01-29,279.5,282.329987,272.160004,272.910004,272.910004,4450400,6.379393479470968
685,2020-01-30,269.26001,270.440002,261.690002,265.890015,265.890015,2738500,2.6401852660770317
686,2020-01-31,265.679993,268.559998,264.01001,265.27999900000003,265.27999900000003,2206900,0.22995174996211198
687,2020-02-03,266.109985,270.649994,262.790009,266.429993,266.429993,1925500,-0.431630833695211
688,2020-02-04,269.899994,277.369995,269.899994,273.369995,273.369995,1413800,-2.5386846131375873
