,Unnamed: 0,Unnamed: 0.1,Unnamed: 0.1.1,Date,Open,High,Low,Close,Adj Close,Volume,gainORloss
0,0,0,0,2017-05-10,145.830002,146.259995,145.149994,146.160004,145.439178,383800,0.0
1,1,1,1,2017-05-11,145.490005,146.169998,143.029999,145.949997,145.23019399999995,773000,0.1438896912070442
2,2,2,2,2017-05-12,145.759995,145.759995,144.389999,145.020004,144.304794,593200,0.641286011824959
3,3,3,3,2017-05-15,144.660004,147.149994,144.490005,145.850006,145.130707,1097700,-0.5690791675387435
4,4,4,4,2017-05-16,146.649994,146.649994,142.110001,145.25,144.53366100000005,2319800,0.4130850258175611
5,5,5,5,2017-05-17,145.25,145.25,142.889999,144.559998,143.847076,1205600,0.47731184943707083
6,6,6,6,2017-05-18,144.729996,149.160004,144.520004,148.509995,147.777573,1581100,-2.6597516214312686
7,7,7,7,2017-05-19,148.850006,151.720001,147.910004,151.470001,150.722992,1617200,-1.9541862946181618
8,8,8,8,2017-05-22,150.899994,151.350006,147.199997,147.369995,146.643173,1921500,2.782117214565969
9,9,9,9,2017-05-23,139.149994,143.830002,139.139999,140.660004,139.966293,3897500,4.770361729834732
10,10,10,10,2017-05-24,131.649994,135.899994,131.300003,133.020004,132.36398300000002,5963900,5.743497045752597
11,11,11,11,2017-05-25,133.0,134.070007,129.399994,131.970001,131.319153,3933600,0.7956376388903748
12,12,12,12,2017-05-26,131.839996,135.699997,131.440002,134.160004,133.498367,2250300,-1.6323814361245772
13,13,13,13,2017-05-30,134.649994,135.21000700000002,132.770004,132.990005,132.334152,1543800,0.8797646108818403
14,14,14,14,2017-05-31,134.139999,135.399994,131.619995,133.630005,132.970978,2118500,-0.4789343531043157
15,15,15,15,2017-06-01,134.100006,137.100006,133.75,137.100006,136.423889,1313300,-2.530999889234138
16,16,16,16,2017-06-02,136.979996,138.229996,136.130005,137.800003,137.12039199999998,1209200,-0.5079803953269842
17,17,17,17,2017-06-05,137.0,137.0,134.729996,135.570007,134.901443,1406800,1.6449036548327387
18,18,18,18,2017-06-06,134.990005,134.990005,129.949997,131.300003,130.652481,2213000,3.2520974123663957
19,19,19,19,2017-06-07,132.089996,133.940002,130.369995,130.619995,129.97581499999998,996300,0.5206002342903282
20,20,20,20,2017-06-08,130.619995,131.380005,125.82,125.919998,125.298996,2226100,3.7325262663997036
21,21,21,21,2017-06-09,125.940002,128.630005,123.489998,128.360001,127.726952,1679200,-1.9009060306878651
22,22,22,22,2017-06-12,128.110001,130.949997,127.629997,130.949997,130.304199,1466200,-1.9778511335131876
23,23,23,23,2017-06-13,130.949997,131.669998,128.630005,131.630005,130.980835,896100,-0.5166056173894509
24,24,24,24,2017-06-14,131.929993,131.929993,130.130005,130.589996,129.945969,880900,0.7963925506207977
25,25,25,25,2017-06-15,130.529999,131.809998,129.100006,131.149994,130.503189,1220600,-0.4269904884631401
26,26,26,26,2017-06-16,130.470001,130.919998,127.639999,130.160004,129.518112,1725200,0.7605946293609565
27,27,27,27,2017-06-19,130.300003,131.070007,128.580002,129.600006,128.96086100000002,1069500,0.4320972022177058
28,28,28,28,2017-06-20,128.279999,128.350006,123.57,123.580002,122.970535,2233700,4.871341562205197
29,29,29,29,2017-06-21,124.260002,124.260002,118.260002,120.110001,119.575706,2492900,2.8890192083172126
30,30,30,30,2017-06-22,120.209999,122.519997,119.830002,120.699997,120.163086,2118400,-0.48881194255539157
31,31,31,31,2017-06-23,120.75,121.43,118.75,119.739998,119.207352,2289600,0.8017362752920676
32,32,32,32,2017-06-26,120.059998,124.620003,120.059998,121.790001,121.248238,1544400,-1.6832276731814821
33,33,33,33,2017-06-27,121.389999,123.300003,121.290001,121.959999,121.417488,1652600,-0.13938832518356495
34,34,34,34,2017-06-28,119.75,120.599998,116.629997,116.709999,116.190842,2106100,4.498329230557187
35,35,35,35,2017-06-29,116.25,118.25,115.620003,116.050003,115.533783,2184100,0.5687169176548772
36,36,36,36,2017-06-30,116.449997,117.82,116.029999,116.589996,116.071373,994900,-0.4631555180772075
37,37,37,37,2017-07-03,117.449997,118.730003,116.269997,118.410004,117.883286,914800,-1.537039049504636
38,38,38,38,2017-07-05,110.129997,111.699997,99.129997,105.209999,104.741989,7348700,12.546340771279738
39,39,39,39,2017-07-06,104.480003,105.830002,102.25,103.160004,102.701118,2718300,1.9871994188755515
40,40,40,40,2017-07-07,102.699997,103.169998,100.93,101.93,101.476578,2118500,1.2067144118512645
41,41,41,41,2017-07-10,101.940002,102.389999,99.5,101.169998,100.719955,1909300,0.7512128249720832
42,42,42,42,2017-07-11,101.150002,101.93,99.370003,100.25,99.804047,1432900,0.9177037406483858
43,43,43,43,2017-07-12,101.029999,102.43,100.5,100.940002,100.49099,1997100,-0.6835763684649093
44,44,44,44,2017-07-13,100.690002,103.790001,100.690002,103.220001,102.760841,2222300,-2.2088732589723477
45,45,45,45,2017-07-14,103.660004,103.68,101.629997,102.040001,101.58609,1205400,1.1564092399411017
46,46,46,46,2017-07-17,101.809998,102.989998,101.620003,101.739998,101.287422,1646800,0.2948722291109184
47,47,47,47,2017-07-18,101.779999,102.0,99.980003,100.300003,99.853851,2218300,1.4356878932496104
48,48,48,48,2017-07-19,100.470001,101.910004,99.949997,100.870003,100.42131,1413700,-0.5650837543843369
49,49,49,49,2017-07-20,100.699997,104.139999,99.809998,103.230003,102.77079,1714500,-2.2861570584280613
50,50,50,50,2017-07-21,103.370003,105.459999,103.360001,105.269997,104.80172,1216400,-1.93786839378366
51,51,51,51,2017-07-24,105.110001,105.199997,103.120003,103.169998,102.71106,1413700,2.0354744990883846
52,52,52,52,2017-07-25,103.589996,105.959999,103.470001,105.290001,104.821632,1249100,-2.013489391077123
53,53,53,53,2017-07-26,105.730003,107.480003,105.18,106.699997,106.225357,1700200,-1.3214583314374344
54,54,54,54,2017-07-27,108.050003,110.540001,107.239998,110.339996,109.849167,2247300,-3.298893539927265
55,55,55,55,2017-07-28,109.900002,111.190002,109.25,110.209999,109.719742,1033100,0.11795390724938037
56,56,56,56,2017-07-31,111.610001,112.900002,110.550003,112.010002,111.511749,1977700,-1.607002024694191
57,57,57,57,2017-08-01,112.0,114.099998,110.82,114.050003,113.542679,1513100,-1.7886900011743128
58,58,58,58,2017-08-02,113.68,114.879997,113.459999,114.480003,113.970764,1775200,-0.3756114506740471
59,59,59,59,2017-08-03,114.269997,115.400002,110.449997,110.529999,110.038307,1812700,3.57369405205549
60,60,60,60,2017-08-04,111.129997,111.849998,110.300003,111.010002,110.516197,944000,-0.4323961727340536
61,61,61,61,2017-08-07,110.860001,111.169998,108.199997,109.489998,109.002945,1435300,1.3882583137867992
62,62,62,62,2017-08-08,109.510002,110.809998,108.290001,109.389999,108.903389,863600,0.0914151210477631
63,63,63,63,2017-08-09,109.239998,110.279999,108.410004,109.18,108.694336,938000,0.1923420040300387
64,64,64,64,2017-08-10,108.440002,108.82,105.25,106.129997,105.65789,1844500,2.8738368851551024
65,65,65,65,2017-08-11,106.089996,107.470001,105.239998,107.339996,106.862511,1902800,-1.1272582868365266
66,66,66,66,2017-08-14,107.879997,109.809998,106.330002,109.32,108.833717,2130200,-1.8112001463593066
67,67,67,67,2017-08-15,91.989998,93.0,82.209999,87.08000200000002,86.692635,19749500,25.539730694999257
68,68,68,68,2017-08-16,86.559998,92.849998,86.550003,91.510002,91.102943,6530800,-4.841000877696384
69,69,69,69,2017-08-17,90.75,95.489998,90.18,92.849998,92.436958,4675100,-1.4431836605963084
70,70,70,70,2017-08-18,92.839996,95.0,92.129997,93.260002,92.845154,3073800,-0.4396354184079909
71,71,71,71,2017-08-21,93.93,95.949997,93.519997,95.190002,94.766563,1968900,-2.027523856969776
72,72,72,72,2017-08-22,95.230003,96.75,95.07,95.800003,95.373848,2075200,-0.6367442389328494
73,73,73,73,2017-08-23,95.290001,95.959999,93.099998,93.540001,93.123901,1775600,2.4160807952097416
74,74,74,74,2017-08-24,94.18,95.25,92.360001,93.099998,92.68586,1407800,0.4726133291646305
75,75,75,75,2017-08-25,93.489998,97.839996,93.0,95.800003,95.373848,1633200,-2.8183767384641984
76,76,76,76,2017-08-28,95.940002,96.309998,93.949997,94.660004,94.238922,1108300,1.2043090553852112
77,77,77,77,2017-08-29,93.900002,95.309998,93.099998,95.120003,94.696869,1749400,-0.48359859702695374
78,78,78,78,2017-08-30,95.120003,98.080002,95.120003,96.809998,96.379341,1441200,-1.7456823002929884
79,79,79,79,2017-08-31,97.290001,98.610001,96.839996,97.900002,97.464508,1913400,-1.113385064077943
80,80,80,80,2017-09-01,98.309998,99.43,97.650002,98.059998,97.623795,1095600,-0.16316133312586084
81,81,81,81,2017-09-05,97.709999,98.919998,96.279999,96.730003,96.299706,1191700,1.3749560206257792
82,82,82,82,2017-09-06,96.919998,97.699997,95.019997,95.610001,95.184692,1893200,1.1714276626772544
83,83,83,83,2017-09-07,96.0,96.330002,92.769997,93.529999,93.113945,2863200,2.22388754649724
84,84,84,84,2017-09-08,93.589996,95.029999,92.480003,94.029999,93.611717,1823800,-0.5317451933611101
85,85,85,85,2017-09-11,94.0,95.019997,93.370003,94.400002,93.98008,1249900,-0.3919523222043968
86,86,86,86,2017-09-12,92.309998,97.949997,91.459999,97.260002,96.827362,2286800,-2.940571603113888
87,87,87,87,2017-09-13,97.07,100.32,97.07,100.099998,99.654716,2080200,-2.837158897845332
88,88,88,88,2017-09-14,100.089996,100.089996,99.0,100.019997,99.575066,1322700,0.07998500539846624
89,89,89,89,2017-09-15,99.769997,99.769997,98.260002,99.510002,99.067352,2586900,0.5125062704752066
90,90,90,90,2017-09-18,99.660004,100.290001,98.489998,98.580002,98.141487,2072100,0.9433962072753934
91,91,91,91,2017-09-19,99.0,100.709999,94.239998,94.849998,94.42807,3099100,3.932529339642152
92,92,92,92,2017-09-20,94.5,96.099998,93.669998,94.75,94.328522,1454400,0.10553878627968272
93,93,93,93,2017-09-21,94.75,94.970001,93.190002,93.68,93.322372,1597300,1.1421861656703598
94,94,94,94,2017-09-22,93.900002,95.910004,93.68,95.589996,95.225075,1784100,-1.9981128569144333
95,95,95,95,2017-09-25,95.830002,98.550003,95.389999,97.940002,97.566116,2681300,-2.399434298561692
96,96,96,96,2017-09-26,97.989998,98.43,96.900002,97.589996,97.217438,1175500,0.3586494664883556
97,97,97,97,2017-09-27,98.199997,99.449997,97.410004,99.330002,98.950821,1254000,-1.7517426406575467
98,98,98,98,2017-09-28,99.260002,99.919998,98.910004,99.5,99.120148,1132800,-0.17085226130653947
99,99,99,99,2017-09-29,99.699997,99.989998,98.239998,99.199997,98.821281,1878200,0.3024223881781003
100,100,100,100,2017-10-02,99.580002,99.739998,98.389999,99.360001,98.980667,1517300,-0.16103461995738175
101,101,101,101,2017-10-03,99.459999,100.099998,98.239998,98.980003,98.60215,935000,0.38391391036834027
102,102,102,102,2017-10-04,95.040001,98.410004,94.480003,94.93,94.567604,2780300,4.2663046455282725
103,103,103,103,2017-10-05,94.769997,95.849998,93.599998,94.330002,93.969902,2050800,0.6360627449154655
104,104,104,104,2017-10-06,94.139999,95.669998,93.690002,94.290001,93.930054,1316800,0.04242337424515407
105,105,105,105,2017-10-09,94.230003,94.470001,90.989998,91.120003,90.772148,1951300,3.4789265755401777
106,106,106,106,2017-10-10,91.220001,92.379997,91.019997,91.839996,91.489403,1260600,-0.7839645376291201
107,107,107,107,2017-10-11,91.699997,92.160004,89.18,89.400002,89.058716,1527600,2.729299715228193
108,108,108,108,2017-10-12,89.379997,89.5,86.489998,86.559998,86.22955300000002,2514600,3.280965879874451
109,109,109,109,2017-10-13,86.760002,86.870003,85.400002,85.510002,85.183571,1969500,1.2279218517618478
110,110,110,110,2017-10-16,85.699997,86.050003,84.760002,86.010002,85.681664,2448000,-0.5813277390692306
111,111,111,111,2017-10-17,86.379997,88.970001,86.199997,88.089996,87.75370799999996,2099400,-2.3612147740363154
112,112,112,112,2017-10-18,87.83000200000002,88.879997,87.440002,87.809998,87.47476999999998,2345200,0.31886801773985485
113,113,113,113,2017-10-19,86.239998,87.959999,85.339996,86.91999799999998,86.588165,2400900,1.0239300741815651
114,114,114,114,2017-10-20,87.360001,87.720001,85.93,86.779999,86.448708,1156800,0.1613263443342223
115,115,115,115,2017-10-23,86.550003,87.440002,85.58000200000002,85.910004,85.582047,1344900,1.0126818292314397
116,116,116,116,2017-10-24,85.730003,85.93,83.5,84.25,83.928375,1789500,1.9703311572700306
117,117,117,117,2017-10-25,83.709999,84.059998,81.82,83.309998,82.991966,2052700,1.1283183562193904
118,118,118,118,2017-10-26,82.889999,87.639999,81.309998,85.650002,85.323029,3229400,-2.7320536431511204
119,119,119,119,2017-10-27,85.139999,85.650002,81.809998,81.93,81.617233,2927800,4.5404638105699915
120,120,120,120,2017-10-30,81.93,82.129997,81.129997,82.0,81.68695799999998,2309800,-0.08536585365852827
121,121,121,121,2017-10-31,82.16999799999998,83.150002,81.68,81.739998,81.42795600000002,1081500,0.3180841771001757
122,122,122,122,2017-11-01,82.33000200000002,82.739998,80.68,80.75,80.441727,1157000,1.2260037151702785
123,123,123,123,2017-11-02,81.019997,82.910004,80.209999,81.690002,81.37814300000002,1669100,-1.1506940592313937
124,124,124,124,2017-11-03,81.389999,82.379997,80.269997,81.800003,81.487747,1108600,-0.13447554519037966
125,125,125,125,2017-11-06,81.529999,81.809998,80.309998,80.709999,80.401886,1173500,1.3505191593423358
126,126,126,126,2017-11-07,80.660004,80.83000200000002,78.900002,79.379997,79.076965,1261600,1.675487591666189
127,127,127,127,2017-11-08,79.199997,80.620003,78.809998,79.410004,79.10685,3233400,-0.03778743040989857
128,128,128,128,2017-11-09,79.559998,81.089996,79.139999,80.449997,80.142876,1898500,-1.292719749883888
129,129,129,129,2017-11-10,80.160004,81.989998,80.0,81.220001,80.909927,1942400,-0.9480472673227377
130,130,130,130,2017-11-13,80.720001,82.82,80.459999,82.279999,81.96588100000002,3894500,-1.2882814935377032
131,131,131,131,2017-11-14,94.879997,102.889999,94.75,95.720001,95.354584,10153800,-14.040954721678276
132,132,132,132,2017-11-15,93.93,95.489998,91.370003,91.580002,91.230385,3074000,4.520636503152733
133,133,133,133,2017-11-16,92.0,92.769997,89.239998,90.5,90.15451,2289000,1.1933723756906003
134,134,134,134,2017-11-17,91.019997,91.440002,89.129997,89.269997,88.92920699999998,1549200,1.377845907175281
135,135,135,135,2017-11-20,89.209999,91.68,88.239998,91.43,91.080978,1498100,-2.362466367713008
136,136,136,136,2017-11-21,90.940002,90.949997,88.900002,88.93,88.590492,1610700,2.8111998200832113
137,137,137,137,2017-11-22,89.199997,90.309998,88.82,89.620003,89.27787,907700,-0.7699207508395087
138,138,138,138,2017-11-24,89.639999,89.900002,88.959999,89.230003,88.88936600000002,523500,0.43707271869082037
139,139,139,139,2017-11-27,89.610001,90.779999,89.040001,89.870003,89.526924,858800,-0.7121397336550668
140,140,140,140,2017-11-28,89.889999,92.910004,89.629997,92.839996,92.48558,1145400,-3.1990447306783625
141,141,141,141,2017-11-29,93.959999,100.370003,93.410004,99.949997,99.568428,3895200,-7.113557992402939
142,142,142,142,2017-11-30,99.580002,101.650002,98.669998,101.0,100.614449,2353900,-1.039606930693073
143,143,143,143,2017-12-01,100.739998,100.970001,97.889999,99.279999,98.900986,2252900,1.7324748361449884
144,144,144,144,2017-12-04,100.940002,105.199997,100.760002,104.019997,103.622902,2225100,-4.556814205637787
145,145,145,145,2017-12-05,107.099998,107.790001,100.019997,101.150002,100.763863,2462400,2.8373652429586733
146,146,146,146,2017-12-06,100.870003,101.419998,97.470001,97.5,97.127792,1285800,3.743591794871796
147,147,147,147,2017-12-07,97.75,98.370003,96.57,97.610001,97.237373,1171700,-0.11269439491143629
148,148,148,148,2017-12-08,98.209999,100.620003,97.379997,100.309998,99.927071,925600,-2.6916529297508274
149,149,149,149,2017-12-11,100.150002,101.669998,99.110001,100.849998,100.464996,1490300,-0.5354486967862966
150,150,150,150,2017-12-12,101.709999,105.559998,101.709999,103.029999,102.636681,2442400,-2.1158895672706004
151,151,151,151,2017-12-13,103.629997,103.720001,101.860001,102.5,102.108704,1093100,0.5170721951219548
152,152,152,152,2017-12-14,103.230003,103.900002,99.769997,100.199997,99.817474,1111400,2.295412244373624
153,153,153,153,2017-12-15,100.839996,101.720001,100.169998,100.699997,100.315575,1617000,-0.4965243444843399
154,154,154,154,2017-12-18,101.339996,103.099998,100.650002,102.709999,102.317894,844800,-1.95696818184177
155,155,155,155,2017-12-19,102.449997,102.860001,99.389999,99.730003,99.349274,1333500,2.9880636823003006
156,156,156,156,2017-12-20,100.029999,100.910004,98.029999,98.589996,98.213631,1081700,1.15631103180083
157,157,157,157,2017-12-21,98.510002,100.519997,98.199997,100.129997,99.808487,1090000,-1.5380016440028492
158,158,158,158,2017-12-22,100.639999,100.830002,99.709999,100.550003,100.227142,1257600,-0.41770859022251916
159,159,159,159,2017-12-26,100.800003,102.75,100.650002,101.959999,101.632607,565100,-1.382891343496377
160,160,160,160,2017-12-27,101.720001,101.720001,99.400002,99.769997,99.449646,988500,2.1950506824210816
161,161,161,161,2017-12-28,99.860001,99.910004,98.169998,99.709999,99.389832,604600,0.06017250085420954
162,162,162,162,2017-12-29,99.849998,100.989998,99.5,99.690002,99.369904,969200,0.020059183066311284
163,163,163,163,2018-01-02,100.900002,107.93,99.709999,106.089996,105.749359,2624500,-6.032608390333046
164,164,164,164,2018-01-03,106.419998,107.660004,105.300003,107.050003,106.706268,2086800,-0.8967837207814038
165,165,165,165,2018-01-04,107.75,111.529999,107.480003,111.0,110.64358500000002,2104500,-3.558555855855852
166,166,166,166,2018-01-05,111.959999,113.150002,110.300003,112.18,111.819794,1996700,-1.0518809056872942
167,167,167,167,2018-01-08,112.050003,112.290001,110.639999,111.389999,111.032326,1257100,0.7092207622696933
168,168,168,168,2018-01-09,111.690002,111.690002,109.809998,110.489998,110.135216,1091400,0.8145542730483198
169,169,169,169,2018-01-10,110.269997,112.0,109.790001,110.589996,110.23488600000002,711200,-0.09042228376606448
170,170,170,170,2018-01-11,110.699997,113.419998,108.900002,112.949997,112.587326,1015900,-2.089421038231632
171,171,171,171,2018-01-12,114.379997,116.050003,113.019997,115.940002,115.567726,1579100,-2.5789243991905493
172,172,172,172,2018-01-16,116.760002,116.839996,112.860001,113.900002,113.534271,1498100,1.7910447446699835
173,173,173,173,2018-01-17,114.739998,116.239998,112.980003,115.349998,114.97961399999998,1354200,-1.2570403338888647
174,174,174,174,2018-01-18,115.669998,115.860001,113.660004,115.529999,115.159042,920900,-0.1558045542785855
175,175,175,175,2018-01-19,116.239998,117.510002,115.209999,117.019997,116.644257,1169900,-1.2732849412053906
176,176,176,176,2018-01-22,116.879997,118.190002,115.900002,118.029999,117.651016,1612100,-0.8557163505525404
177,177,177,177,2018-01-23,117.739998,119.139999,116.599998,119.099998,118.717583,1277000,-0.8984038773871312
178,178,178,178,2018-01-24,119.260002,121.239998,118.260002,120.989998,120.601509,1198600,-1.5621125971090606
179,179,179,179,2018-01-25,121.120003,121.339996,119.629997,120.919998,120.531738,1250700,0.05788951468556357
180,180,180,180,2018-01-26,123.339996,123.900002,121.660004,123.639999,123.243004,1488400,-2.199936122613521
181,181,181,181,2018-01-29,123.519997,123.629997,122.720001,122.889999,122.495407,1403700,0.6103019009708024
182,182,182,182,2018-01-30,121.57,122.699997,117.580002,119.269997,118.887016,1889700,3.0351321296671108
183,183,183,183,2018-01-31,119.860001,120.470001,115.830002,116.989998,116.614357,1235700,1.9488836985876379
184,184,184,184,2018-02-01,116.239998,118.830002,115.830002,117.290001,116.913383,760600,-0.25577883659494877
185,185,185,185,2018-02-02,115.919998,117.18,113.129997,113.93,113.564186,1092300,2.949180198367416
186,186,186,186,2018-02-05,113.050003,114.970001,109.809998,109.860001,109.507248,1281600,3.7047141479636525
187,187,187,187,2018-02-06,108.279999,113.110001,106.75,112.199997,111.839722,1240100,-2.085557988027397
188,188,188,188,2018-02-07,112.089996,114.580002,109.900002,109.93,109.577034,2163500,2.064947693987073
189,189,189,189,2018-02-08,109.93,115.349998,109.300003,109.629997,109.27798500000002,1549900,0.2736504681287219
190,190,190,190,2018-02-09,110.389999,110.449997,103.339996,109.139999,108.789558,1577900,0.4489628041869415
191,191,191,191,2018-02-12,109.800003,110.800003,108.050003,109.480003,109.128479,1181400,-0.3105626513364211
192,192,192,192,2018-02-13,109.169998,109.989998,105.959999,106.220001,105.878937,1392100,3.069103718046472
193,193,193,193,2018-02-14,105.5,110.0,105.260002,109.019997,108.669937,1106700,-2.5683324867455344
194,194,194,194,2018-02-15,109.230003,110.279999,107.57,108.779999,108.43071,818400,0.22062695551229036
195,195,195,195,2018-02-16,108.720001,109.339996,105.779999,107.57,107.224594,946700,1.124848005949624
196,196,196,196,2018-02-20,107.400002,108.379997,103.720001,105.349998,105.011719,2369200,2.1072634476936525
197,197,197,197,2018-02-21,116.959999,119.300003,113.230003,114.0,113.633949,5545200,-7.587721052631579
198,198,198,198,2018-02-22,115.099998,115.5,110.199997,110.489998,110.135216,1465800,3.1767599452757707
199,199,199,199,2018-02-23,111.150002,117.07,111.080002,116.32,115.946503,1504200,-5.012037482806047
200,200,200,200,2018-02-26,116.5,117.739998,112.080002,114.849998,114.481232,1409600,1.2799321076174452
201,201,201,201,2018-02-27,113.260002,113.910004,108.900002,109.800003,109.447449,2161000,4.599266723153
202,202,202,202,2018-02-28,110.709999,116.110001,109.68,114.25,113.883148,1901700,-3.894964551422316
203,203,203,203,2018-03-01,114.239998,117.889999,113.43,117.510002,117.132683,2062100,-2.7742336350228296
204,204,204,204,2018-03-02,116.669998,116.790001,113.120003,116.07,115.697311,1462100,1.240632377013877
205,205,205,205,2018-03-05,115.449997,117.550003,115.120003,116.360001,115.986374,1088500,-0.24922739558931747
206,206,206,206,2018-03-06,116.540001,119.040001,115.129997,118.589996,118.209213,1003700,-1.8804242138603346
207,207,207,207,2018-03-07,117.43,118.309998,115.800003,116.769997,116.395065,708600,1.5586186920943361
208,208,208,208,2018-03-08,117.330002,117.330002,114.540001,115.75,115.378342,672200,0.8812069114470874
209,209,209,209,2018-03-09,116.440002,118.940002,114.400002,118.860001,118.478348,1088300,-2.616524460571052
210,210,210,210,2018-03-12,118.559998,119.25,117.209999,118.410004,118.0298,802800,0.380032923569529
211,211,211,211,2018-03-13,118.75,120.099998,117.260002,119.0,118.617897,942500,-0.4957949579831927
212,212,212,212,2018-03-14,119.160004,119.879997,116.550003,117.059998,116.684128,681800,1.6572715130236095
213,213,213,213,2018-03-15,117.540001,118.330002,115.470001,117.099998,116.723999,672600,-0.034158839182906096
214,214,214,214,2018-03-16,116.93,117.809998,115.760002,116.629997,116.255516,1354400,0.40298466268501776
215,215,215,215,2018-03-19,116.790001,117.559998,114.699997,115.870003,115.49796299999998,813000,0.6559022873245339
216,216,216,216,2018-03-20,116.389999,116.690002,113.739998,114.25,113.883148,636000,1.4179457330415728
217,217,217,217,2018-03-21,114.660004,116.290001,114.239998,115.239998,114.86998,689600,-0.859074988876692
218,218,218,218,2018-03-22,114.019997,115.139999,111.629997,111.709999,111.409317,1042400,3.159966906811989
219,219,219,219,2018-03-23,112.410004,113.260002,110.339996,110.839996,110.541649,1085900,0.784917928001366
220,220,220,220,2018-03-26,112.489998,115.07,111.879997,114.769997,114.461075,1008800,-3.424240744730528
221,221,221,221,2018-03-27,114.580002,117.449997,113.290001,115.010002,114.700432,1402700,-0.20868185012291057
222,222,222,222,2018-03-28,115.279999,119.419998,114.080002,115.980003,115.667824,1047500,-0.8363519356004814
223,223,223,223,2018-03-29,116.339996,119.220001,115.400002,118.550003,118.230911,780800,-2.16786160688668
224,224,224,224,2018-04-02,118.610001,119.18,110.510002,111.93,111.628723,1581300,5.914413472706152
225,225,225,225,2018-04-03,112.5,113.879997,108.949997,111.910004,111.60878,1504200,0.01786792894762663
226,226,226,226,2018-04-04,110.089996,114.980003,109.82,114.480003,114.17186,851900,-2.2449326805136405
227,227,227,227,2018-04-05,115.459999,116.830002,113.519997,116.389999,116.076721,873500,-1.6410310305097664
228,228,228,228,2018-04-06,115.629997,116.370003,110.769997,111.910004,111.60878,1291200,4.003212259736853
229,229,229,229,2018-04-09,112.940002,114.889999,110.190002,110.349998,110.052979,829500,1.4136891964420346
230,230,230,230,2018-04-10,111.139999,112.68,109.529999,112.139999,111.838158,926800,-1.5962199179259877
231,231,231,231,2018-04-11,111.160004,112.32,110.150002,110.93,110.631409,577600,1.0907770666185848
232,232,232,232,2018-04-12,111.459999,112.589996,110.360001,110.57,110.272369,850700,0.32558560188117364
233,233,233,233,2018-04-13,111.139999,112.400002,105.389999,106.610001,106.32303600000002,1530400,3.714472341108032
234,234,234,234,2018-04-16,106.93,108.029999,105.019997,106.449997,106.163467,971500,0.1503090695249157
235,235,235,235,2018-04-17,108.75,109.93,106.779999,108.199997,107.908752,1254300,-1.617375275897651
236,236,236,236,2018-04-18,108.849998,109.720001,106.550003,107.389999,107.100952,1303600,0.7542583178532231
237,237,237,237,2018-04-19,107.550003,108.209999,103.489998,105.18,104.896889,1516400,2.1011589655828065
238,238,238,238,2018-04-20,105.279999,106.449997,102.900002,103.760002,103.480713,1064500,1.368540837152265
239,239,239,239,2018-04-23,103.260002,105.599998,102.150002,105.519997,105.235977,1029500,-1.6679255591715032
240,240,240,240,2018-04-24,105.760002,107.830002,105.199997,106.93,106.642181,1162900,-1.3186224632937464
241,241,241,241,2018-04-25,106.82,109.309998,106.440002,107.82,107.529793,1031300,-0.8254498237803621
242,242,242,242,2018-04-26,112.019997,115.120003,110.080002,113.18,112.875359,1672500,-4.735819049302008
243,243,243,243,2018-04-27,113.150002,116.610001,112.650002,116.339996,116.026848,1158600,-2.716173378585979
244,244,244,244,2018-04-30,116.459999,116.68,113.860001,114.449997,114.14193,1057400,1.6513753163313785
245,245,245,245,2018-05-01,113.860001,115.699997,113.089996,115.580002,115.26888999999998,806900,-0.9776821080172651
246,246,246,246,2018-05-02,115.510002,117.089996,113.800003,115.900002,115.588028,1113000,-0.27610008151682985
247,247,247,247,2018-05-03,115.580002,116.610001,114.540001,115.43,115.119301,711400,0.40717491120158866
248,248,248,248,2018-05-04,115.0,117.730003,113.839996,116.669998,116.355972,860800,-1.0628250803604196
249,249,249,249,2018-05-07,116.989998,117.5,115.089996,116.139999,115.827385,672500,0.4563449324637962
250,250,250,250,2018-05-08,118.809998,118.970001,116.309998,116.800003,116.485611,1084900,-0.5650719032943866
251,251,251,251,2018-05-09,116.870003,118.139999,111.860001,117.989998,117.672409,1476400,-1.0085558269100032
252,252,252,252,2018-05-10,118.25,118.589996,116.779999,118.230003,117.911758,594200,-0.20299838781193
253,253,253,253,2018-05-11,118.309998,122.300003,117.589996,119.940002,119.617157,1354700,-1.4257119989042608
254,254,254,254,2018-05-14,119.879997,121.900002,119.260002,121.610001,121.282669,939200,-1.3732414984520804
255,255,255,255,2018-05-15,121.290001,121.440002,118.779999,119.919998,119.597206,878100,1.4092753737370727
256,256,256,256,2018-05-16,120.639999,121.5,118.660004,119.029999,118.709602,855200,0.7477098273352107
257,257,257,257,2018-05-17,119.139999,120.580002,118.080002,119.790001,119.467575,1054900,-0.6344452739423553
258,258,258,258,2018-05-18,119.370003,119.860001,118.209999,118.32,118.001526,1087000,1.2423943542934504
259,259,259,259,2018-05-21,118.400002,119.639999,116.379997,119.150002,118.829285,1482900,-0.6966025900696229
260,260,260,260,2018-05-22,123.550003,125.889999,113.610001,115.330002,115.019577,3940200,3.3122344002040403
261,261,261,261,2018-05-23,115.82,123.629997,115.629997,123.25,122.918251,1964800,-6.425961866125767
262,262,262,262,2018-05-24,123.32,126.0,120.959999,125.169998,124.833092,1270200,-1.5339123038094213
263,263,263,263,2018-05-25,124.690002,126.239998,124.410004,124.910004,124.573784,1173100,0.2081450577809653
264,264,264,264,2018-05-29,124.360001,124.989998,123.059998,123.959999,123.626335,1163300,0.7663802901450527
265,265,265,265,2018-05-30,124.0,128.660004,123.519997,128.529999,128.18403600000002,1223900,-3.5555901622624355
266,266,266,266,2018-05-31,128.339996,129.410004,126.0,128.619995,128.273804,1535200,-0.0699704583256943
267,267,267,267,2018-06-01,128.839996,129.669998,127.260002,128.339996,127.994553,993000,0.2181697122695681
268,268,268,268,2018-06-04,129.0,131.979996,128.990005,129.910004,129.560318,1008600,-1.2085351025006306
269,269,269,269,2018-06-05,129.770004,130.860001,129.240005,129.949997,129.60022,881200,-0.03077568366547151
270,270,270,270,2018-06-06,130.110001,131.490005,129.470001,130.589996,130.238495,1173200,-0.49008271659646674
271,271,271,271,2018-06-07,131.0,131.979996,129.660004,130.050003,129.699936,1506100,0.4152195213713373
272,272,272,272,2018-06-08,129.910004,132.669998,128.509995,131.71000700000002,131.35548400000002,863800,-1.2603476666735085
273,273,273,273,2018-06-11,132.240005,133.179993,131.339996,132.729996,132.372726,875600,-0.7684690957121563
274,274,274,274,2018-06-12,133.649994,134.75,132.830002,133.639999,133.280273,887700,-0.6809361020722464
275,275,275,275,2018-06-13,133.369995,133.580002,131.490005,132.679993,132.32286100000002,771100,0.7235499326563823
276,276,276,276,2018-06-14,133.270004,133.990005,132.570007,133.5,133.140656,816200,-0.6142374531835235
277,277,277,277,2018-06-15,133.490005,137.330002,133.020004,137.160004,136.790817,1652900,-2.668419286426958
278,278,278,278,2018-06-18,136.139999,138.380005,135.830002,138.240005,137.867905,1226100,-0.7812506951225949
279,279,279,279,2018-06-19,136.899994,139.169998,136.399994,138.300003,137.92773400000002,986100,-0.04338250086661771
280,280,280,280,2018-06-20,139.199997,140.220001,137.470001,139.160004,138.785416,849600,-0.617994377177499
281,281,281,281,2018-06-21,139.100006,140.100006,137.78999299999998,139.5,139.184525,783800,-0.24372473118280538
282,282,282,282,2018-06-22,143.419998,143.419998,137.809998,138.850006,138.535995,1377800,0.46812673526279314
283,283,283,283,2018-06-25,137.940002,137.990005,135.21000700000002,137.270004,136.959564,915900,1.1510176687982085
284,284,284,284,2018-06-26,137.520004,139.169998,136.46000700000002,137.070007,136.76001000000002,745600,0.1459086523574747
285,285,285,285,2018-06-27,137.119995,137.690002,134.009995,134.380005,134.076111,1124400,2.001787393890923
286,286,286,286,2018-06-28,134.199997,136.179993,133.320007,135.110001,134.804443,1039800,-0.5402975313426279
287,287,287,287,2018-06-29,135.809998,137.869995,135.270004,135.699997,135.393112,725300,-0.434779670628869
288,288,288,288,2018-07-02,135.0,135.160004,133.419998,134.699997,134.395386,662500,0.7423905139359431
289,289,289,289,2018-07-03,136.149994,136.639999,134.399994,135.009995,134.704681,339600,-0.22961114841905397
290,290,290,290,2018-07-05,135.440002,135.899994,134.0,135.860001,135.55275,957000,-0.625648457046609
291,291,291,291,2018-07-06,137.220001,138.0,136.020004,137.169998,136.859802,889500,-0.9550171459505171
292,292,292,292,2018-07-09,137.589996,141.580002,137.470001,140.949997,140.631241,950800,-2.6818014050755914
293,293,293,293,2018-07-10,140.940002,141.910004,139.399994,140.649994,140.331909,963300,0.21329755620181812
294,294,294,294,2018-07-11,139.820007,139.820007,136.369995,139.080002,138.765472,710200,1.128840938613148
295,295,295,295,2018-07-12,140.369995,140.889999,138.190002,138.78999299999998,138.476135,441200,0.20895526668124137
296,296,296,296,2018-07-13,139.300003,141.699997,138.919998,139.339996,139.024887,835000,-0.3947201204168487
297,297,297,297,2018-07-16,139.669998,140.53999299999998,139.020004,139.669998,139.35415600000002,505100,-0.23627264604097659
298,298,298,298,2018-07-17,139.149994,141.28999299999995,139.149994,140.279999,139.962738,809100,-0.4348453124810837
299,299,299,299,2018-07-18,140.190002,140.839996,139.089996,139.970001,139.653458,685800,0.2214746001180691
300,300,300,300,2018-07-19,139.850006,143.699997,139.440002,143.369995,143.045776,1123700,-2.3714822616824343
301,301,301,301,2018-07-20,142.850006,143.440002,141.729996,142.669998,142.347351,585700,0.4906406461153775
302,302,302,302,2018-07-23,142.139999,145.199997,142.139999,144.660004,144.33287,686100,-1.3756435400070872
303,303,303,303,2018-07-24,145.100006,145.149994,139.440002,139.990005,139.673431,800400,3.335951734554185
304,304,304,304,2018-07-25,139.399994,140.649994,138.669998,140.470001,140.15235900000002,794700,-0.3417071236441437
305,305,305,305,2018-07-26,141.0,143.809998,140.320007,141.779999,141.459366,775700,-0.9239653048664553
306,306,306,306,2018-07-27,142.410004,143.130005,139.429993,139.850006,139.533737,370300,1.3800449890577737
307,307,307,307,2018-07-30,139.850006,141.399994,139.589996,140.679993,140.36184699999998,428100,-0.5899822585291062
308,308,308,308,2018-07-31,140.869995,141.979996,139.800003,141.229996,140.91061399999995,463100,-0.3894378075320513
309,309,309,309,2018-08-01,140.520004,141.440002,139.660004,139.75,139.433975,540200,1.0590311270125223
310,310,310,310,2018-08-02,139.399994,143.690002,139.399994,143.259995,142.936005,654000,-2.4500873394557936
311,311,311,311,2018-08-03,144.25,145.660004,143.029999,144.679993,144.352814,535000,-0.9814750267509293
312,312,312,312,2018-08-06,145.520004,145.830002,143.490005,145.100006,144.771866,679500,-0.28946449526681034
313,313,313,313,2018-08-07,145.389999,146.309998,144.330002,145.160004,144.831726,940300,-0.04133232181502207
314,314,314,314,2018-08-08,145.320007,146.759995,145.100006,146.410004,146.078903,530900,-0.85376679588097
315,315,315,315,2018-08-09,146.919998,148.699997,146.46000700000005,147.78999299999995,147.45578,763400,-0.93374995964711
316,316,316,316,2018-08-10,146.839996,147.910004,145.119995,146.350006,146.019028,1006400,0.9839336801940037
317,317,317,317,2018-08-13,147.0,147.839996,144.5,144.839996,144.512451,1407000,1.0425366208930258
318,318,318,318,2018-08-14,153.339996,159.5,152.320007,156.130005,155.776917,4487600,-7.231159058760035
319,319,319,319,2018-08-15,157.979996,158.740005,155.630005,158.029999,157.67263799999995,1503100,-1.2022995709820845
320,320,320,320,2018-08-16,158.5,160.630005,158.5,159.490005,159.12931799999996,1415900,-0.9154216278317834
321,321,321,321,2018-08-17,159.649994,160.160004,159.009995,159.720001,159.358795,965900,-0.14399949822189137
322,322,322,322,2018-08-20,160.440002,161.25,160.0,160.839996,160.476273,999200,-0.696341101625007
323,323,323,323,2018-08-21,161.220001,161.71000700000005,159.350006,160.149994,159.787811,1193800,0.4308473467691926
324,324,324,324,2018-08-22,160.53999299999995,161.970001,160.300003,160.729996,160.366516,804200,-0.3608548587284277
325,325,325,325,2018-08-23,161.259995,163.360001,160.949997,163.259995,162.890793,891300,-1.549674799389773
326,326,326,326,2018-08-24,163.149994,165.070007,162.570007,164.360001,163.988312,729300,-0.6692662407564767
327,327,327,327,2018-08-27,164.869995,164.990005,161.839996,161.979996,161.613663,1064200,1.4693203227391185
328,328,328,328,2018-08-28,162.21000700000005,162.910004,160.0,162.100006,161.73341399999995,1096700,-0.07403454383586372
329,329,329,329,2018-08-29,162.339996,164.229996,161.130005,163.559998,163.190109,765000,-0.8926339067331118
330,330,330,330,2018-08-30,163.419998,163.639999,161.160004,161.800003,161.434097,916300,1.0877595595594665
331,331,331,331,2018-08-31,161.470001,164.339996,161.470001,164.029999,163.659042,960700,-1.3595049768914524
332,332,332,332,2018-09-04,164.509995,169.589996,164.199997,169.479996,169.09671,1371600,-3.2157169746451943
333,333,333,333,2018-09-05,169.410004,170.910004,166.809998,167.0,166.622345,1018200,1.4850275449101795
334,334,334,334,2018-09-06,167.970001,169.389999,166.770004,167.220001,166.84184299999995,775600,-0.13156380737014609
335,335,335,335,2018-09-07,167.229996,169.220001,167.089996,167.279999,166.901703,763200,-0.03586681035310583
336,336,336,336,2018-09-10,168.470001,169.089996,166.139999,166.929993,166.552475,910200,0.2096723265303244
337,337,337,337,2018-09-11,166.929993,168.419998,166.649994,167.240005,166.861801,738500,-0.18536952327883535
338,338,338,338,2018-09-12,167.139999,168.690002,166.28999299999995,167.100006,166.722107,1119600,0.08378156491507778
339,339,339,339,2018-09-13,167.100006,167.990005,165.279999,166.729996,166.352936,835800,0.2219216750895908
340,340,340,340,2018-09-14,166.949997,167.919998,165.190002,165.449997,165.075836,995800,0.7736470372979237
341,341,341,341,2018-09-17,167.509995,169.759995,163.21000700000005,163.5,163.13026399999995,1093400,1.192658715596328
342,342,342,342,2018-09-18,159.75,167.800003,159.0,167.649994,167.270859,1272400,-2.4753916782126413
343,343,343,343,2018-09-19,167.919998,169.990005,167.339996,169.600006,169.216461,1110400,-1.1497711857392356
344,344,344,344,2018-09-20,170.139999,170.75,167.009995,169.550003,169.22644,879900,0.029491594877768177
345,345,345,345,2018-09-21,170.820007,171.330002,168.199997,168.440002,168.118561,1605300,0.6589889496676753
346,346,346,346,2018-09-24,167.699997,168.5,167.009995,167.649994,167.33003200000005,894900,0.47122459187204047
347,347,347,347,2018-09-25,168.0,168.429993,165.740005,167.320007,167.000702,691800,0.19721909287273007
348,348,348,348,2018-09-26,167.910004,170.669998,166.350006,169.330002,169.006851,754200,-1.1870282739381315
349,349,349,349,2018-09-27,169.419998,170.919998,169.169998,169.78999299999995,169.465958,739700,-0.27091761526837776
350,350,350,350,2018-09-28,169.71000700000005,171.03999299999995,167.830002,168.330002,168.008759,1309700,0.8673385508543778
351,351,351,351,2018-10-01,169.020004,170.639999,168.190002,169.600006,169.276352,591600,-0.7488230867161644
352,352,352,352,2018-10-02,170.470001,171.130005,168.029999,168.399994,168.078629,819300,0.7125962249143638
353,353,353,353,2018-10-03,168.679993,168.910004,167.21000700000005,167.600006,167.280167,535500,0.47731979198138264
354,354,354,354,2018-10-04,167.699997,167.699997,165.080002,165.71000700000005,165.393784,769500,1.1405460866343213
355,355,355,355,2018-10-05,165.630005,167.449997,164.309998,165.830002,165.51355,938800,-0.0723602475744771
356,356,356,356,2018-10-08,165.399994,169.160004,165.399994,168.360001,168.038696,784700,-1.5027316375461435
357,357,357,357,2018-10-09,168.270004,171.5,168.160004,168.889999,168.567703,850400,-0.3138125425650442
358,358,358,358,2018-10-10,169.0,169.649994,162.869995,163.169998,162.858627,997300,3.505547018515007
359,359,359,359,2018-10-11,162.869995,165.529999,160.600006,161.03999299999995,160.732666,1345400,1.3226559193901855
360,360,360,360,2018-10-12,163.580002,165.949997,162.619995,165.119995,164.804886,1096700,-2.470931518620768
361,361,361,361,2018-10-15,165.0,168.679993,164.759995,166.929993,166.61141999999995,644900,-1.0842856741748066
362,362,362,362,2018-10-16,170.699997,170.699997,163.779999,168.369995,168.048676,1067700,-0.8552604637186054
363,363,363,363,2018-10-17,166.809998,167.800003,154.020004,159.580002,159.275452,1967500,5.508204593204593
364,364,364,364,2018-10-18,159.720001,163.0,158.520004,162.190002,161.880478,1393600,-1.609223730079235
365,365,365,365,2018-10-19,163.300003,166.759995,162.369995,164.330002,164.016403,1406100,-1.3022576364357463
366,366,366,366,2018-10-22,164.389999,165.649994,162.990005,164.770004,164.455551,1426000,-0.267040110043326
367,367,367,367,2018-10-23,162.440002,165.139999,161.389999,163.970001,163.657074,1037800,0.4878959536019054
368,368,368,368,2018-10-24,163.5,167.020004,158.850006,159.179993,158.876205,1418200,3.0091771646201795
369,369,369,369,2018-10-25,159.410004,164.410004,157.130005,163.169998,162.858627,1350400,-2.4453055395637113
370,370,370,370,2018-10-26,161.699997,165.520004,160.21000700000005,164.550003,164.23599199999995,1668600,-0.8386538892983254
371,371,371,371,2018-10-29,166.71000700000005,168.520004,162.910004,164.869995,164.555359,1627400,-0.19408746873558466
372,372,372,372,2018-10-30,165.160004,165.619995,163.179993,164.970001,164.655182,1020000,-0.060620718551130756
373,373,373,373,2018-10-31,166.089996,166.089996,159.669998,159.759995,159.455124,1749400,3.2611455702661942
374,374,374,374,2018-11-01,159.96000700000005,164.350006,158.100006,163.509995,163.19793700000002,1018400,-2.2934377803632127
375,375,375,375,2018-11-02,165.020004,165.690002,163.720001,165.0,164.68511999999996,1089200,-0.9030333333333312
376,376,376,376,2018-11-05,165.240005,166.110001,163.28999299999995,165.110001,164.794907,1250700,-0.0666228570854476
377,377,377,377,2018-11-06,166.559998,168.78999299999995,165.690002,168.089996,167.769211,1085900,-1.7728568450914843
378,378,378,378,2018-11-07,169.21000700000005,170.559998,167.080002,170.509995,170.18458600000002,888700,-1.4192710521163232
379,379,379,379,2018-11-08,170.119995,173.690002,169.449997,172.449997,172.120895,1354200,-1.1249649369376287
380,380,380,380,2018-11-09,172.660004,174.71000700000005,170.690002,171.179993,170.853317,1202300,0.7419114685908418
381,381,381,381,2018-11-12,170.330002,170.899994,166.190002,167.059998,166.74118,1522400,2.4661768522228695
382,382,382,382,2018-11-13,184.070007,185.5,177.509995,184.720001,184.367477,3662700,-9.56041733672359
383,383,383,383,2018-11-14,185.990005,186.149994,177.610001,177.679993,177.340912,1806900,3.9621838571324126
384,384,384,384,2018-11-15,176.880005,180.440002,174.800003,179.050003,178.70831299999998,1026600,-0.7651549718209207
385,385,385,385,2018-11-16,177.550003,179.490005,176.0,179.21000700000005,178.86801100000002,876000,-0.08928296063290891
386,386,386,386,2018-11-19,179.149994,182.490005,176.899994,177.75,177.410782,856700,0.8213822784810391
387,387,387,387,2018-11-20,174.050003,177.669998,171.119995,171.529999,171.202652,891900,3.626188442990661
388,388,388,388,2018-11-21,171.5,176.089996,171.410004,174.669998,174.33667,893700,-1.7976750649530489
389,389,389,389,2018-11-23,173.699997,178.529999,173.660004,177.240005,176.901749,325700,-1.4500151926761704
390,390,390,390,2018-11-26,178.910004,180.770004,176.919998,177.720001,177.380844,658800,-0.2700855262768088
391,391,391,391,2018-11-27,176.649994,181.419998,176.600006,179.270004,178.927887,701700,-0.8646192700481022
392,392,392,392,2018-11-28,178.850006,180.789993,177.949997,178.949997,178.608475,1086600,0.17882481439773587
393,393,393,393,2018-11-29,177.910004,179.179993,177.339996,177.669998,177.33093300000004,747800,0.7204362100572567
394,394,394,394,2018-11-30,177.779999,178.910004,175.009995,177.71000700000005,177.37086499999995,1399600,-0.022513644940689567
395,395,395,395,2018-12-03,178.970001,179.78999299999995,174.850006,177.889999,177.55053700000005,895200,-0.10118162966538764
396,396,396,396,2018-12-04,180.119995,181.729996,175.619995,178.190002,177.849945,1549500,-0.16836129784655585
397,397,397,397,2018-12-06,176.309998,177.0,170.75,175.759995,175.424576,1226600,1.3825711590399108
398,398,398,398,2018-12-07,174.619995,177.259995,167.380005,167.589996,167.270172,761800,4.874992060981962
399,399,399,399,2018-12-10,167.809998,167.820007,163.410004,166.169998,165.852875,1471200,0.8545453554136897
400,400,400,400,2018-12-11,167.679993,168.889999,165.009995,165.800003,165.483582,861200,0.22315741453876134
401,401,401,401,2018-12-12,166.949997,168.860001,166.119995,166.979996,166.66133100000005,1461100,-0.7066672824689707
402,402,402,402,2018-12-13,166.820007,167.979996,165.130005,166.28999299999995,165.97264099999995,1008100,0.41493958088028016
403,403,403,403,2018-12-14,165.300003,168.380005,163.399994,163.779999,163.467438,968600,1.5325400020303757
404,404,404,404,2018-12-17,162.610001,162.729996,158.130005,158.839996,158.53688,1223800,3.1100498139020285
405,405,405,405,2018-12-18,160.0,162.889999,157.830002,158.240005,157.93803400000004,1312500,0.3791651801325569
406,406,406,406,2018-12-19,158.71000700000005,160.490005,155.429993,156.119995,155.822052,1174300,1.3579362464109788
407,407,407,407,2018-12-20,155.279999,156.149994,150.649994,152.5,152.26748700000005,1804900,2.3737672131147467
408,408,408,408,2018-12-21,151.570007,155.889999,150.339996,151.410004,151.179138,1872900,0.719896949477667
409,409,409,409,2018-12-24,151.029999,152.0,148.369995,148.919998,148.692947,649100,1.672042729949536
410,410,410,410,2018-12-26,149.720001,155.130005,149.029999,155.029999,154.793625,962600,-3.9411733467146646
411,411,411,411,2018-12-27,153.440002,154.770004,149.580002,154.690002,154.454163,1123400,0.21979248536050247
412,412,412,412,2018-12-28,155.339996,157.300003,153.639999,155.46000700000005,155.222992,1009500,-0.4953074522890342
413,413,413,413,2018-12-31,156.050003,157.679993,154.990005,157.46000700000005,157.21993999999995,752500,-1.2701637946707316
414,414,414,414,2019-01-02,156.160004,159.919998,153.820007,157.919998,157.67923000000005,1291000,-0.29128103205772926
415,415,415,415,2019-01-03,158.229996,164.070007,157.740005,162.850006,162.60171499999996,1514700,-3.0273305608597982
416,416,416,416,2019-01-04,164.169998,164.5,158.479996,158.809998,158.567856,1423000,2.5439254775382594
417,417,417,417,2019-01-07,161.679993,163.570007,156.830002,161.139999,160.894318,2088300,-1.445948252736418
418,418,418,418,2019-01-08,162.009995,162.949997,157.179993,160.020004,159.776016,1604700,0.6999093688311548
419,419,419,419,2019-01-09,162.679993,165.78999299999995,161.229996,164.429993,164.179306,1429900,-2.681985761563583
420,420,420,420,2019-01-10,163.029999,165.229996,160.759995,165.070007,164.818344,999100,-0.38772276783147397
421,421,421,421,2019-01-11,164.509995,166.429993,159.25,159.419998,159.176941,1299600,3.54410304283156
422,422,422,422,2019-01-14,157.78999299999995,159.490005,156.690002,158.720001,158.478027,1307700,0.4410263329068378
423,423,423,423,2019-01-15,158.619995,162.320007,158.029999,160.279999,160.035629,1023700,-0.9732954889773909
424,424,424,424,2019-01-16,160.889999,162.46000700000005,159.029999,162.440002,162.192352,1158000,-1.329723573876827
425,425,425,425,2019-01-17,161.990005,167.419998,161.5,166.279999,166.026474,1455100,-2.30935591958959
426,426,426,426,2019-01-18,167.229996,168.779999,163.660004,167.610001,167.354446,1777300,-0.7935099290405753
427,427,427,427,2019-01-22,166.669998,168.419998,162.259995,164.130005,163.879761,1384200,2.120268015589227
428,428,428,428,2019-01-23,164.03999299999995,166.600006,162.160004,164.330002,164.079453,1207800,-0.12170449556739871
429,429,429,429,2019-01-24,164.5,164.970001,155.639999,156.309998,156.071686,1298000,5.130832386038415
430,430,430,430,2019-01-25,156.830002,156.830002,150.240005,153.220001,152.986389,1800700,2.01670603043529
431,431,431,431,2019-01-28,151.649994,155.050003,150.050003,154.860001,154.623901,1311500,-1.0590210444335555
432,432,432,432,2019-01-29,154.149994,155.449997,151.75,155.389999,155.153076,1076200,-0.34107600451170467
433,433,433,433,2019-01-30,156.190002,160.199997,155.600006,159.03999299999995,158.797516,1016500,-2.295016449101557
434,434,434,434,2019-01-31,158.399994,160.110001,155.779999,159.199997,158.957275,1586600,-0.10050502701959431
435,435,435,435,2019-02-01,159.899994,161.679993,158.529999,159.03999299999995,158.797516,941500,0.10060614124904002
436,436,436,436,2019-02-04,159.630005,161.619995,157.759995,161.350006,161.104004,665600,-1.4316782857758645
437,437,437,437,2019-02-05,162.389999,162.979996,159.630005,161.46000700000005,161.213837,932600,-0.06812894539267517
438,438,438,438,2019-02-06,161.380005,161.800003,156.699997,157.220001,156.980286,1212000,2.6968617052737778
439,439,439,439,2019-02-07,160.0,163.259995,158.0,163.130005,162.881287,1375900,-3.622879800684132
440,440,440,440,2019-02-08,161.990005,163.610001,161.119995,162.410004,162.162384,740700,0.4433230603208561
441,441,441,441,2019-02-11,162.440002,165.350006,162.440002,165.130005,164.87823500000005,917500,-1.647187620444888
442,442,442,442,2019-02-12,165.869995,168.53999299999995,165.479996,167.889999,167.634018,1264300,-1.6439299639283325
443,443,443,443,2019-02-13,168.679993,169.580002,165.630005,166.46000700000005,166.206207,1104700,0.8590603988139575
444,444,444,444,2019-02-14,165.919998,169.75,164.25,168.740005,168.482742,720000,-1.3511899564065732
445,445,445,445,2019-02-15,169.830002,170.830002,167.669998,169.990005,169.730835,1379600,-0.7353373511577931
446,446,446,446,2019-02-19,169.929993,178.690002,166.419998,167.139999,166.885162,3369200,1.705160953124098
447,447,447,447,2019-02-20,166.0,167.029999,162.589996,166.0,165.746902,1990200,0.6867463855421619
448,448,448,448,2019-02-21,166.21000700000005,166.21000700000005,160.199997,161.309998,161.064056,1616300,2.907446567571089
449,449,449,449,2019-02-22,161.309998,161.880005,158.910004,161.470001,161.223816,1158000,-0.09909147148639023
450,450,450,450,2019-02-25,162.630005,163.320007,156.119995,157.71000700000005,157.469559,1787200,2.38411884668799
451,451,451,451,2019-02-26,163.0,165.830002,161.479996,162.919998,162.6716,2112600,-3.197883049323353
452,452,452,452,2019-02-27,162.589996,162.779999,156.679993,158.300003,158.05865500000004,1149800,2.9185059459537652
453,453,453,453,2019-02-28,156.720001,163.770004,156.720001,161.779999,161.533325,1717600,-2.1510668942456848
454,454,454,454,2019-03-01,162.25,163.25,158.050003,160.619995,160.375092,1398300,0.7222039821380987
455,455,455,455,2019-03-04,161.919998,161.919998,156.919998,158.399994,158.158493,1147200,1.4015158359160016
456,456,456,456,2019-03-05,158.509995,159.820007,157.270004,157.309998,157.07016000000004,863100,0.6928968367287024
457,457,457,457,2019-03-06,157.820007,159.130005,156.419998,157.970001,157.72915600000005,1067900,-0.4178027447122628
458,458,458,458,2019-03-07,157.089996,157.309998,154.009995,154.130005,153.895004,940700,2.4914006847660746
459,459,459,459,2019-03-08,152.850006,153.190002,150.5,151.770004,151.53862,1138200,1.5549851339530907
460,460,460,460,2019-03-11,152.259995,155.779999,152.080002,155.46000700000005,155.222992,1047800,-2.3736027491623912
461,461,461,461,2019-03-12,155.619995,155.619995,152.899994,154.869995,154.633865,871900,0.38097244078819686
462,462,462,462,2019-03-13,155.25,155.800003,153.78999299999995,154.699997,154.46414199999995,812400,0.10988881919628773
463,463,463,463,2019-03-14,155.059998,155.199997,153.03999299999995,154.0,153.765198,683400,0.45454350649350406
464,464,464,464,2019-03-15,153.639999,154.990005,151.03999299999995,154.839996,154.603912,1714100,-0.5424929099068263
465,465,465,465,2019-03-18,155.220001,162.949997,155.080002,161.570007,161.323669,2116100,-4.165383863602847
466,466,466,466,2019-03-19,161.440002,164.929993,161.169998,163.419998,163.170853,1371600,-1.1320468869421898
467,467,467,467,2019-03-20,164.509995,165.619995,162.589996,164.149994,163.899719,875200,-0.4447127789721393
468,468,468,468,2019-03-21,163.830002,169.169998,163.830002,169.070007,168.873947,864700,-2.910044831310625
469,469,469,469,2019-03-22,168.330002,168.580002,164.720001,164.839996,164.648849,941600,2.56613146241522
470,470,470,470,2019-03-25,165.5,168.949997,164.28999299999995,167.779999,167.58543400000005,841100,-1.752296470093548
471,471,471,471,2019-03-26,167.850006,168.899994,165.809998,168.270004,168.07488999999995,961700,-0.291201633298824
472,472,472,472,2019-03-27,167.96000700000005,169.71000700000005,166.699997,166.889999,166.696472,998900,0.8268949657073288
473,473,473,473,2019-03-28,167.320007,168.919998,166.660004,168.75,168.554321,643400,-1.1022228148148214
474,474,474,474,2019-03-29,169.889999,171.570007,168.600006,170.529999,170.33226000000005,1856200,-1.0438040288735377
475,475,475,475,2019-04-01,172.78999299999995,174.179993,171.130005,173.630005,173.42868,957500,-1.785409152064476
476,476,476,476,2019-04-02,173.53999299999995,173.940002,170.929993,173.339996,173.138992,670600,0.16730645361270097
477,477,477,477,2019-04-03,174.080002,174.800003,171.419998,171.690002,171.490906,847200,0.9610309166401086
478,478,478,478,2019-04-04,172.139999,174.410004,171.580002,174.0,173.798218,1213800,-1.3275850574712686
479,479,479,479,2019-04-05,174.309998,176.830002,174.309998,176.779999,176.574997,741300,-1.572575526488154
480,480,480,480,2019-04-08,175.779999,178.03999299999995,173.830002,177.589996,177.384064,830300,-0.4561050837570883
481,481,481,481,2019-04-09,176.899994,177.720001,175.330002,175.649994,175.446304,616200,1.1044702910721542
482,482,482,482,2019-04-10,176.699997,178.860001,174.25,178.800003,178.592682,1079500,-1.7617499704404431
483,483,483,483,2019-04-11,178.649994,181.020004,177.889999,180.960007,180.750168,705300,-1.1936361165149527
484,484,484,484,2019-04-12,180.960007,181.800003,179.740005,180.110001,179.90113799999997,922600,0.47193714689945454
485,485,485,485,2019-04-15,180.539993,181.779999,179.029999,181.429993,181.21962,913200,-0.7275489450082187
486,486,486,486,2019-04-16,182.559998,182.559998,179.509995,179.949997,179.741318,676900,0.8224484716162568
487,487,487,487,2019-04-17,179.949997,180.050003,176.669998,176.809998,176.604965,741500,1.7759171062260795
488,488,488,488,2019-04-18,176.559998,177.130005,174.110001,175.399994,175.196609,1025300,0.8038791609080757
489,489,489,489,2019-04-22,174.449997,175.389999,169.729996,170.080002,169.88278200000005,878800,3.1279350525877727
490,490,490,490,2019-04-23,171.089996,173.720001,170.259995,172.470001,172.270004,925000,-1.3857476582260755
491,491,491,491,2019-04-24,173.28999299999995,173.929993,171.759995,171.860001,171.660721,915700,0.354940065431505
492,492,492,492,2019-04-25,169.800003,171.570007,165.869995,170.639999,170.442123,1265000,0.7149566380389056
493,493,493,493,2019-04-26,170.309998,170.729996,168.169998,170.190002,169.992661,690700,0.26440859904331876
494,494,494,494,2019-04-29,169.940002,170.559998,166.639999,166.770004,166.57661399999995,811000,2.050727299856629
495,495,495,495,2019-04-30,167.410004,168.71000700000005,165.25,166.320007,166.127136,872200,0.27056095542371894
496,496,496,496,2019-05-01,166.130005,166.660004,163.669998,163.830002,163.64001499999995,923200,1.5198711894052204
497,497,497,497,2019-05-02,164.050003,167.21000700000005,163.300003,166.779999,166.586609,1154500,-1.7687954297205604
498,498,498,498,2019-05-03,167.050003,167.389999,163.190002,163.270004,163.080673,760200,2.149810077789919
499,499,499,499,2019-05-06,161.059998,163.559998,159.830002,161.990005,161.802155,1218600,0.7901715911423076
500,500,500,500,2019-05-07,161.089996,162.589996,159.649994,160.660004,160.473694,1069400,0.8278357817045804
501,501,501,501,2019-05-08,160.119995,160.449997,157.729996,158.619995,158.43606599999995,586200,1.2860982627064121
502,502,502,502,2019-05-09,157.320007,160.009995,156.179993,159.889999,159.70459,883600,-0.7942985852417199
503,503,503,503,2019-05-10,159.240005,159.240005,154.490005,158.119995,157.936646,813300,1.1194055501962292
504,504,504,504,2019-05-13,155.130005,156.0,153.410004,155.369995,155.18983500000004,1395400,1.769968519339915
505,505,505,505,2019-05-14,154.570007,156.889999,153.089996,155.75,155.569397,1216000,-0.24398394863564127
506,506,506,506,2019-05-15,154.839996,155.949997,153.25,155.830002,155.649307,783000,-0.05133927932568945
507,507,507,507,2019-05-16,155.800003,158.669998,154.119995,157.279999,157.09761,1264500,-0.9219207840915591
508,508,508,508,2019-05-17,155.919998,159.669998,155.679993,157.970001,157.786819,1146200,-0.4367930592087498
509,509,509,509,2019-05-20,157.350006,160.190002,157.199997,158.639999,158.456055,1714600,-0.4223386310031385
510,510,510,510,2019-05-21,159.020004,161.720001,156.649994,161.300003,161.112961,1821300,-1.6491035031164971
511,511,511,511,2019-05-22,165.690002,170.990005,164.600006,166.28999299999995,166.09716799999995,3608400,-3.000775879520273
512,512,512,512,2019-05-23,165.580002,167.0,158.550003,159.800003,159.6147,2600200,4.061320324255532
513,513,513,513,2019-05-24,159.720001,160.410004,155.479996,158.089996,157.906677,2127800,1.08166679946022
514,514,514,514,2019-05-28,158.229996,159.25,154.559998,154.559998,154.380768,1207500,2.2839014270691216
515,515,515,515,2019-05-29,154.179993,156.070007,151.570007,155.779999,155.59936499999995,1665200,-0.783156379401438
516,516,516,516,2019-05-30,156.78999299999995,160.580002,156.440002,159.389999,159.20516999999995,1080200,-2.2648848877902217
517,517,517,517,2019-05-31,156.0,156.630005,154.399994,155.0,154.820267,1487200,2.8322574193548316
518,518,518,518,2019-06-03,154.410004,154.490005,151.830002,153.169998,152.992386,1104200,1.1947522516779085
519,519,519,519,2019-06-04,154.559998,155.820007,153.759995,154.610001,154.430725,1008300,-0.9313776538944712
520,520,520,520,2019-06-05,155.259995,156.020004,152.639999,154.610001,154.430725,1093000,0.0
521,521,521,521,2019-06-06,154.639999,155.399994,153.419998,154.899994,154.720383,919500,-0.18721304792302398
522,522,522,522,2019-06-07,155.100006,157.130005,154.570007,155.350006,155.169861,663300,-0.28967620381039133
523,523,523,523,2019-06-10,156.360001,157.699997,152.130005,153.520004,153.34198,1046900,1.192028369149865
524,524,524,524,2019-06-11,153.759995,153.839996,150.320007,152.169998,151.993546,1469200,0.8871696245931525
525,525,525,525,2019-06-12,152.089996,152.679993,149.029999,150.53999299999995,150.365433,796500,1.0827720710735254
526,526,526,526,2019-06-13,150.660004,152.699997,150.190002,150.610001,150.435349,814800,-0.04648296894975669
527,527,527,527,2019-06-14,150.690002,152.679993,150.309998,151.800003,151.623978,769100,-0.7839275207392405
528,528,528,528,2019-06-17,152.520004,153.839996,151.660004,151.740005,151.564041,694300,0.039540001333206315
529,529,529,529,2019-06-18,152.419998,155.050003,152.320007,154.830002,154.650452,1194500,-1.9957352968322062
530,530,530,530,2019-06-19,154.869995,155.059998,152.119995,153.770004,153.59170500000005,1092600,0.6893399053303056
531,531,531,531,2019-06-20,154.320007,154.949997,151.270004,153.270004,153.152023,874700,0.32622169175385424
532,532,532,532,2019-06-21,153.610001,154.110001,151.759995,153.240005,153.12205500000005,1054200,0.01957648069771576
533,533,533,533,2019-06-24,153.860001,153.860001,151.660004,152.330002,152.212753,1134100,0.5973892129273319
534,534,534,534,2019-06-25,152.940002,156.220001,151.919998,154.5,154.38108799999995,1346800,-1.4045294498381828
535,535,535,535,2019-06-26,153.690002,153.919998,149.199997,149.929993,149.81458999999995,1237800,3.0480939194067753
536,536,536,536,2019-06-27,150.089996,153.029999,149.169998,151.71000700000005,151.593231,1028900,-1.1733003215800066
537,537,537,537,2019-06-28,151.979996,154.449997,151.399994,154.139999,154.021362,950000,-1.5764837263298164
538,538,538,538,2019-07-01,155.71000700000005,158.449997,155.570007,156.589996,156.46946699999995,1151500,-1.5645935644573516
539,539,539,539,2019-07-02,157.0,160.490005,156.320007,159.78999299999995,159.667007,1394000,-2.0026266601062686
540,540,540,540,2019-07-03,159.509995,161.630005,158.669998,160.630005,160.506363,588400,-0.5229483744335676
541,541,541,541,2019-07-05,160.139999,161.009995,159.25,160.619995,160.496353,604400,0.006232100804151128
542,542,542,542,2019-07-08,160.600006,163.229996,158.110001,158.190002,158.068253,1588100,1.5361229972043342
543,543,543,543,2019-07-09,157.770004,158.880005,154.029999,155.5,155.38031,1040700,1.7299048231511207
544,544,544,544,2019-07-10,155.589996,156.809998,154.589996,156.429993,156.309601,833700,-0.5945106703418418
545,545,545,545,2019-07-11,155.860001,157.520004,155.080002,156.28999299999995,156.169693,970300,0.08957707228257618
546,546,546,546,2019-07-12,156.240005,159.110001,155.889999,158.580002,158.457947,648600,-1.4440717436742463
547,547,547,547,2019-07-15,159.009995,159.139999,156.630005,158.919998,158.797684,487600,-0.2139416085318508
548,548,548,548,2019-07-16,158.869995,162.71000700000005,158.869995,161.759995,161.635483,763600,-1.755685637848846
549,549,549,549,2019-07-17,161.149994,161.410004,156.350006,157.669998,157.548645,1116100,2.594023626486005
550,550,550,550,2019-07-18,154.75,158.089996,152.330002,157.899994,157.778458,1126900,-0.14565928355893407
551,551,551,551,2019-07-19,158.089996,158.729996,156.139999,156.929993,156.809204,965300,0.6181106501419371
552,552,552,552,2019-07-22,157.279999,160.169998,157.240005,158.899994,158.777679,840800,-1.2397741185566038
553,553,553,553,2019-07-23,159.490005,159.899994,155.350006,157.639999,157.518661,894500,0.7992863537128059
554,554,554,554,2019-07-24,157.639999,159.220001,157.070007,158.5,158.378006,865500,-0.542587381703477
555,555,555,555,2019-07-25,156.899994,158.21000700000005,149.940002,150.029999,149.91451999999995,1703200,5.645538263317589
556,556,556,556,2019-07-26,150.100006,152.830002,149.5,152.619995,152.50251799999995,881500,-1.6970227262816944
557,557,557,557,2019-07-29,152.28999299999995,153.419998,150.940002,153.03999299999995,152.922195,782500,-0.27443676111509246
558,558,558,558,2019-07-30,152.520004,154.660004,150.910004,151.800003,151.683167,872900,0.8168576913664152
559,559,559,559,2019-07-31,151.649994,152.479996,149.71000700000005,150.639999,150.52406299999996,1057100,0.7700504565191978
560,560,560,560,2019-08-01,150.520004,153.520004,149.720001,149.949997,149.834579,1460300,0.4601547274455715
561,561,561,561,2019-08-02,149.600006,150.03999299999995,145.71000700000005,145.779999,145.667801,1210900,2.8604733355773946
562,562,562,562,2019-08-05,142.949997,143.399994,139.96000700000002,143.160004,143.04981999999995,1604800,1.8301166015614372
563,563,563,563,2019-08-06,143.089996,146.110001,141.630005,145.639999,145.527893,1594000,-1.7028254717304705
564,564,564,564,2019-08-07,144.410004,145.309998,142.21000700000005,144.03999299999995,143.929123,1524000,1.1108067743380385
565,565,565,565,2019-08-08,144.899994,146.619995,144.089996,144.429993,144.318817,1291600,-0.2700270157875333
566,566,566,566,2019-08-09,144.53999299999995,146.940002,143.21000700000005,144.330002,144.218918,1332600,0.06927942812609994
567,567,567,567,2019-08-12,143.399994,145.350006,140.809998,142.160004,142.05058300000005,1681100,1.5264476216531488
568,568,568,568,2019-08-13,130.800003,144.059998,130.089996,142.229996,142.120529,5903800,-0.04921043518837853
569,569,569,569,2019-08-14,138.240005,140.46000700000002,135.440002,136.490005,136.384949,2424500,4.205429547753335
570,570,570,570,2019-08-15,137.21000700000002,138.270004,135.46000700000002,137.5,137.394165,1960500,-0.7345418181818207
571,571,571,571,2019-08-16,137.729996,139.690002,136.429993,136.589996,136.484863,1277800,0.6662303438386413
572,572,572,572,2019-08-19,138.0,138.259995,135.220001,136.350006,136.245056,1287800,0.17601025994821437
573,573,573,573,2019-08-20,136.440002,137.850006,135.300003,135.380005,135.275803,997300,0.7165024111204578
574,574,574,574,2019-08-21,136.559998,136.75,134.699997,136.229996,136.12513700000002,1344700,-0.6239382110823732
575,575,575,575,2019-08-22,136.649994,138.550003,136.080002,137.5,137.394165,1306700,-0.9236392727272728
576,576,576,576,2019-08-23,136.570007,138.190002,134.449997,135.050003,134.94606000000002,1088000,1.8141406483345255
577,577,577,577,2019-08-26,135.619995,135.699997,132.889999,135.0,134.896088,901000,0.03703925925926207
578,578,578,578,2019-08-27,135.820007,137.130005,134.869995,134.889999,134.786179,746800,0.08154866989065003
579,579,579,579,2019-08-28,134.300003,137.559998,133.300003,136.759995,136.654724,1800700,-1.367356002023848
580,580,580,580,2019-08-29,138.03999299999998,140.740005,137.779999,138.070007,137.96373,1203800,-0.9488027330946687
581,581,581,581,2019-08-30,138.699997,139.820007,137.449997,137.949997,137.84381100000002,721300,0.08699529003977269
582,582,582,582,2019-09-03,137.190002,140.429993,136.770004,140.360001,140.251953,1002500,-1.7170162317112085
583,583,583,583,2019-09-04,141.570007,142.309998,138.509995,141.889999,141.780777,1235200,-1.07829868967719
584,584,584,584,2019-09-05,143.080002,147.119995,143.070007,146.550003,146.437195,770600,-3.1798047796696496
585,585,585,585,2019-09-06,146.889999,147.669998,146.320007,147.21000700000005,147.09669499999995,818200,-0.4483418032851823
586,586,586,586,2019-09-09,147.399994,147.809998,145.570007,147.429993,147.316528,1039700,-0.14921387129140606
587,587,587,587,2019-09-10,147.369995,155.380005,146.78999299999995,154.699997,154.58093300000004,1403200,-4.699420905612558
588,588,588,588,2019-09-11,154.96000700000005,158.889999,154.679993,158.860001,158.737717,1180100,-2.618660439263131
589,589,589,589,2019-09-12,160.0,160.149994,155.080002,155.199997,155.08053600000005,1163200,2.35825004558474
590,590,590,590,2019-09-13,159.100006,159.320007,154.850006,157.0,156.87915,996700,-1.146498726114652
591,591,591,591,2019-09-16,156.0,158.259995,155.699997,156.070007,155.94988999999995,904800,0.5958819493100914
592,592,592,592,2019-09-17,155.440002,157.0,153.740005,156.070007,155.94988999999995,841000,0.0
593,593,593,593,2019-09-18,155.910004,156.369995,152.570007,153.78999299999995,153.671616,667900,1.4825502983149572
594,594,594,594,2019-09-19,153.729996,154.559998,152.309998,152.800003,152.741989,705700,0.6478992019391184
595,595,595,595,2019-09-20,152.929993,156.800003,152.690002,155.690002,155.63089,1050500,-1.8562521439237885
596,596,596,596,2019-09-23,156.550003,161.570007,155.779999,161.220001,161.158783,1234200,-3.430094880101138
597,597,597,597,2019-09-24,162.479996,163.610001,158.720001,159.220001,159.159546,1263100,1.2561235946732596
598,598,598,598,2019-09-25,159.220001,162.669998,158.880005,162.279999,162.218384,789300,-1.885628554878169
599,599,599,599,2019-09-26,162.070007,162.070007,158.5,160.380005,160.319107,727500,1.1846825918230843
600,600,600,600,2019-09-27,161.130005,162.419998,160.449997,161.679993,161.618607,531900,-0.8040500100714285
601,601,601,601,2019-09-30,161.639999,165.970001,161.46000700000005,165.399994,165.337189,982800,-2.2490937938002564
602,602,602,602,2019-10-01,165.589996,167.639999,163.940002,167.28999299999995,167.226471,1086300,-1.1297740923451176
603,603,603,603,2019-10-02,166.270004,166.869995,161.949997,162.96000700000005,162.898132,975400,2.6570850601398814
604,604,604,604,2019-10-03,162.600006,162.78999299999995,158.259995,159.860001,159.799301,918100,1.9392005383510762
605,605,605,605,2019-10-04,159.53999299999995,160.610001,157.199997,159.940002,159.879272,749000,-0.05001938164286227
606,606,606,606,2019-10-07,159.089996,160.369995,157.100006,158.270004,158.209915,1206600,1.0551576153368851
607,607,607,607,2019-10-08,156.600006,156.889999,153.25,154.330002,154.271408,913200,2.552972169338786
608,608,608,608,2019-10-09,154.610001,155.380005,153.25,154.410004,154.351379,641600,-0.051811409835841364
609,609,609,609,2019-10-10,154.600006,156.419998,153.820007,155.949997,155.890793,731400,-0.9874915226833956
610,610,610,610,2019-10-11,157.509995,160.0,157.399994,158.559998,158.499802,691600,-1.6460652326698508
611,611,611,611,2019-10-14,158.139999,159.229996,157.089996,157.320007,157.260269,430100,0.7881966341382144
612,612,612,612,2019-10-15,158.740005,161.240005,157.149994,159.729996,159.669342,620300,-1.5087892445699402
613,613,613,613,2019-10-16,159.21000700000005,164.339996,159.199997,162.75,162.688202,870600,-1.8556092165898617
614,614,614,614,2019-10-17,162.5,164.71000700000005,161.25,163.75,163.68782,730800,-0.6106870229007634
615,615,615,615,2019-10-18,163.520004,164.740005,160.720001,163.5,163.437927,642900,0.1529051987767584
616,616,616,616,2019-10-21,164.529999,166.350006,163.990005,166.029999,165.966965,663300,-1.5238204030827005
617,617,617,617,2019-10-22,166.399994,167.25,164.130005,165.979996,165.916977,575300,0.030125919511411362
618,618,618,618,2019-10-23,165.25,166.679993,163.259995,165.119995,165.057297,701000,0.5208339547248722
619,619,619,619,2019-10-24,168.440002,170.550003,166.300003,166.809998,166.746658,1070100,-1.0131305199104543
620,620,620,620,2019-10-25,166.5,169.690002,165.339996,165.559998,165.497131,643100,0.755013297354594
621,621,621,621,2019-10-28,165.96000700000005,167.970001,165.229996,166.410004,166.346817,978800,-0.5107902046561932
622,622,622,622,2019-10-29,166.270004,166.919998,163.990005,164.350006,164.287613,657500,1.2534213111011259
623,623,623,623,2019-10-30,163.990005,165.550003,162.800003,163.970001,163.907745,721600,0.2317527582377774
624,624,624,624,2019-10-31,163.839996,164.169998,161.059998,162.479996,162.418304,826600,0.9170390427631452
625,625,625,625,2019-11-01,163.009995,166.330002,162.46000700000005,164.820007,164.757431,677800,-1.419737228866884
626,626,626,626,2019-11-04,165.839996,167.369995,164.589996,166.610001,166.54673799999995,708700,-1.0743616765238522
627,627,627,627,2019-11-05,167.669998,170.869995,166.509995,168.139999,168.076157,1222500,-0.9099548049836599
628,628,628,628,2019-11-06,168.139999,169.949997,166.429993,169.699997,169.635559,866300,-0.9192681364632006
629,629,629,629,2019-11-07,170.449997,171.360001,168.830002,169.279999,169.215729,669100,0.24810846082294252
630,630,630,630,2019-11-08,170.360001,170.699997,165.800003,167.399994,167.33644099999995,1243000,1.1230615695243162
631,631,631,631,2019-11-11,166.720001,171.429993,165.949997,168.820007,168.755905,1805500,-0.8411402328635205
632,632,632,632,2019-11-12,157.949997,160.410004,154.309998,156.139999,156.080719,4357300,8.12092230127401
633,633,633,633,2019-11-13,155.309998,158.880005,153.759995,158.580002,158.519791,1370900,-1.5386574405516897
634,634,634,634,2019-11-14,157.949997,157.970001,155.020004,156.830002,156.770462,882000,1.115857921113844
635,635,635,635,2019-11-15,157.78999299999995,162.690002,157.440002,162.660004,162.598251,1084500,-3.5841644268003208
636,636,636,636,2019-11-18,162.850006,164.059998,160.949997,163.669998,163.607849,862900,-0.6170917164671843
637,637,637,637,2019-11-19,163.220001,163.619995,161.220001,161.979996,161.918488,714500,1.0433399442731144
638,638,638,638,2019-11-20,161.78999299999995,161.96000700000005,159.720001,161.740005,161.678589,724000,0.14838072992516813
639,639,639,639,2019-11-21,162.149994,163.179993,158.199997,158.330002,158.269882,635900,2.153731419772223
640,640,640,640,2019-11-22,158.300003,159.100006,156.820007,157.869995,157.810059,971600,0.29138342596388805
641,641,641,641,2019-11-25,158.360001,160.5,157.589996,159.149994,159.08956899999995,647500,-0.8042721006951491
642,642,642,642,2019-11-26,159.479996,159.479996,156.910004,157.089996,157.03035,1004400,1.3113489416601543
643,643,643,643,2019-11-27,157.610001,160.610001,157.330002,158.779999,158.71971100000005,809700,-1.064367685252341
644,644,644,644,2019-11-29,158.46000700000005,159.009995,156.679993,157.080002,157.020355,487100,1.0822491586166367
645,645,645,645,2019-12-02,157.490005,159.570007,156.490005,156.550003,156.49057,893600,0.33854933876941773
646,646,646,646,2019-12-03,155.25,155.25,151.880005,152.610001,152.55206299999998,1047200,2.581745609188478
647,647,647,647,2019-12-04,152.619995,153.929993,152.0,152.330002,152.272171,2822700,0.18381080307476372
648,648,648,648,2019-12-05,152.889999,153.479996,151.820007,152.28999299999995,152.232178,1603000,0.026271588311160145
649,649,649,649,2019-12-06,153.28999299999995,155.449997,151.929993,154.619995,154.561295,1803900,-1.5069215336606603
650,650,650,650,2019-12-09,154.240005,154.440002,150.5,151.570007,151.512466,1900000,2.012263547629172
651,651,651,651,2019-12-10,153.179993,157.339996,152.440002,156.169998,156.110703,1510600,-2.9455023749183815
652,652,652,652,2019-12-11,155.860001,157.449997,153.770004,155.899994,155.84080500000005,944900,0.17319051340053299
653,653,653,653,2019-12-12,155.589996,157.839996,155.449997,156.119995,156.060715,710300,-0.14091788819234613
654,654,654,654,2019-12-13,156.220001,156.509995,154.220001,155.21000700000005,155.15107700000004,768600,0.586294671064567
655,655,655,655,2019-12-16,155.470001,155.619995,153.399994,153.5,153.441711,659200,1.1140110749185976
656,656,656,656,2019-12-17,154.509995,158.860001,153.669998,157.979996,157.92001299999995,941700,-2.8357995400886074
657,657,657,657,2019-12-18,158.130005,158.800003,156.509995,158.029999,157.970001,564900,-0.03164146068241372
658,658,658,658,2019-12-19,157.470001,158.449997,156.229996,156.479996,156.479996,734700,0.9905438647889561
659,659,659,659,2019-12-20,157.770004,158.699997,156.089996,158.119995,158.119995,1269200,-1.0371863469891895
660,660,660,660,2019-12-23,158.220001,160.199997,156.899994,159.970001,159.970001,683600,-1.1564705810060023
661,661,661,661,2019-12-24,160.119995,162.059998,159.830002,160.570007,160.570007,324200,-0.37367252528051986
662,662,662,662,2019-12-26,160.529999,161.070007,158.440002,159.270004,159.270004,482300,0.81622588519556
663,663,663,663,2019-12-27,159.470001,159.75,158.0,158.350006,158.350006,487200,0.5809901895425205
664,664,664,664,2019-12-30,158.350006,160.259995,157.429993,159.119995,159.119995,563400,-0.4839046155072977
665,665,665,665,2019-12-31,159.160004,160.309998,158.5,160.160004,160.160004,609600,-0.6493562525135788
666,666,666,666,2020-01-02,160.470001,160.949997,157.529999,159.410004,159.410004,944900,0.4704849013114635
667,667,667,667,2020-01-03,158.029999,159.630005,157.25,159.419998,159.419998,567000,-0.006268975113151145
668,668,668,668,2020-01-06,157.740005,158.889999,156.429993,156.800003,156.800003,880200,1.6709151466023815
669,669,669,669,2020-01-07,156.899994,157.399994,152.410004,154.940002,154.940002,1129500,1.2004653259266198
670,670,670,670,2020-01-08,154.850006,156.050003,153.139999,153.160004,153.160004,825700,1.1621820015100066
671,671,671,671,2020-01-09,153.779999,153.979996,150.25,152.869995,152.869995,1177400,0.18970956334498326
672,672,672,672,2020-01-10,153.179993,153.5,148.610001,149.009995,149.009995,1416100,2.5904302593929924
673,673,673,673,2020-01-13,145.330002,147.0,142.759995,145.259995,145.259995,2138700,2.5815779492488624
674,674,674,674,2020-01-14,145.589996,149.080002,144.339996,148.899994,148.899994,1568400,-2.4445931139527035
675,675,675,675,2020-01-15,149.580002,151.490005,147.820007,150.21000700000005,150.21000700000005,1208800,-0.8721209899151754
676,676,676,676,2020-01-16,150.740005,152.0,150.100006,151.940002,151.940002,677000,-1.1386040392443497
677,677,677,677,2020-01-17,151.779999,152.080002,150.360001,151.050003,151.050003,817400,0.5892081974999953
678,678,678,678,2020-01-21,150.619995,150.619995,147.860001,149.0,149.0,797300,1.3758409395973181
679,679,679,679,2020-01-22,148.869995,149.979996,146.809998,147.649994,147.649994,1204300,0.914328516667605
680,680,680,680,2020-01-23,146.070007,150.130005,145.970001,149.729996,149.729996,1312600,-1.3891685404172505
681,681,681,681,2020-01-24,150.0,150.0,141.21000700000005,141.679993,141.679993,1277100,5.681820579988315
682,682,682,682,2020-01-27,139.889999,141.660004,139.059998,139.059998,139.059998,937300,1.8840752464270774
683,683,683,683,2020-01-28,139.779999,140.240005,137.369995,138.580002,138.580002,924000,0.3463674361903962
684,684,684,684,2020-01-29,139.050003,140.429993,138.100006,138.550003,138.550003,913400,0.02165211068238206
685,685,685,685,2020-01-30,136.949997,137.479996,133.429993,135.270004,135.270004,1018300,2.4247792585265273
686,686,686,686,2020-01-31,134.339996,134.589996,131.5,131.75,131.75,1280700,2.6717297912713476
687,687,687,687,2020-02-03,132.779999,134.410004,132.339996,132.649994,132.649994,1014200,-0.678472703134832
688,688,688,688,2020-02-04,134.089996,134.630005,131.53999299999998,131.559998,131.559998,822300,0.828516278937603
